20145,Toy Animations and Action films,http://www.youtube.com/user/counter656,Cartoons & Animation ,Action; stop motion; commercial; gaming; VFX,Others,Worldwide,Q1
156,HK M,http://www.youtube.com/user/msfhk,Nonprofits & Faith , msf; 非洲; 人道關注; 醫療,ZH,Worldwide,Q1
5723,愛 旅遊,http://www.youtube.com/user/uwanttotravel,Fashion; Food & Living ,kuso,Others,Worldwide,Q3
16,剛彈電玩,http://www.youtube.com/user/shingin,Gaming ,遊戲畫面,Others,Worldwide,Q1
1601,2NE1,http://www.youtube.com/user/2ne1,Music,kpop,Others,Worldwide,Q1
7656,7 News,http://www.youtube.com/user/7news,News ,world news,EN,Worldwide,Q1
6387,9XM Bollywood Music,http://www.youtube.com/user/9xm,Music,bollywood,Others,Worldwide,Q1
272,A3Network Nightlife,http://www.youtube.com/user/a3network,Music,electro,EN,Worldwide,Q2
3483,Adam Lambert VEVO,http://www.youtube.com/user/adamlambertvevo,Music,vevo; pop; rock,EN,Worldwide,Q1
2071,Adele VEVO,http://www.youtube.com/user/adelevevo,Music,vevo; soul; r&b; pop,EN,Worldwide,Q1
235,Adidas Football 官方,http://www.youtube.com/user/adidasfootballtv,Fashion; Food & Living ,sportswear; soccer; football,EN,Worldwide,Q2
42,Adidas Originals ,http://www.youtube.com/user/adidasoriginals,Fashion; Food & Living ,sportswear,EN,Worldwide,Q1
3514,Ahanhbarbie Beauty,http://www.youtube.com/user/ahanhbarbie34,Fashion; Food & Living ,outfits; hairstyle; beauty products,EN,Worldwide,Q2
4975,AH Media,http://www.youtube.com/user/lilhittelvideos,Sports & Health ,football,EN,Worldwide,Q1
119,ahmir TV,http://www.youtube.com/user/ahmirtv,Music,indie; song covers; r&b; soul,EN,Worldwide,Q1
7574,Alli Sports,http://www.youtube.com/user/allisports,Sports & Health ,action sports; skateboarding; bmx; motorcross,EN,Worldwide,Q1
7622,All Things By Alli,http://www.youtube.com/user/allthingsbyalli,Fashion; Food & Living ,makeup; hairstyle; beauty products,EN,Worldwide,Q2
8499,Amazon.com,http://www.youtube.com/user/amazon,Tech & Apps ,consumer websites,EN,Worldwide,Q3
7614,American Idol,http://www.youtube.com/user/americanidol,TV & Film,audition; song covers; fox,EN,Worldwide,Q1
3588,American Museum Of Natural History,http://www.youtube.com/user/amnhorg,Art & Design ,culture; history; museums,EN,Worldwide,Q2
234,American Parkour,http://www.youtube.com/user/americanparkour,Sports & Health ,action sports; parkour,EN,Worldwide,Q2
3742,Andrew Garcia,http://www.youtube.com/user/andrewagarcia,Music,song covers; indie; soul; vlog; ytf,EN,Worldwide,Q2
3589,AniBoom,http://www.youtube.com/user/aniboom,Cartoons & Animation ,funny; kids,EN,Worldwide,Q1
64,Animal Planet,http://www.youtube.com/user/animalplanettv,Animals & Pets ,wild animals; tv shows,EN,Worldwide,Q1
7610,Annie Jaffrey,http://www.youtube.com/user/anniejaffrey,Fashion; Food & Living ,makeup; outfits; beauty products,EN,Worldwide,Q2
66,Apple,http://www.youtube.com/user/apple,Tech & Apps ,consumer electronics; apple,EN,Worldwide,Q3
3484,Arden Cho,http://www.youtube.com/user/ardenbcho,Music,indie; song covers; vlog,EN,Worldwide,Q2
3630,AR Drone,http://www.youtube.com/user/ardrone,Autos & Vehicles ,aviation; robotics,EN,Worldwide,Q1
3631,Arirang News,http://www.youtube.com/user/arirangnews,News ,world news,EN,Worldwide,Q1
254,Armada  Music,http://www.youtube.com/user/armadamusic,Music,electro,EN,Worldwide,Q2
3784,Ashanti VEVO,http://www.youtube.com/user/ashantivevo,Music,vevo; r&b; hip hop,EN,Worldwide,Q2
639,Associated Press,http://www.youtube.com/user/associatedpress,News ,world news; us news,EN,Worldwide,Q1
60,Atlantic Videos,http://www.youtube.com/user/atlanticvideos,Music,r&b; hip hop; reggae; music label,EN,Worldwide,Q1
186,ATP World Tour - Men's Tennis,http://www.youtube.com/user/atpworldtour,Sports & Health ,tennis,EN,Worldwide,Q1
23,Audi,http://www.youtube.com/user/audi,Autos & Vehicles ,car make,Others,Worldwide,Q2
364,Autocar,http://www.youtube.com/user/autocar,Autos & Vehicles ,car reviews,EN,Worldwide,Q1
227,Auto Express Magazine,http://www.youtube.com/user/autoexpress,Autos & Vehicles ,car reviews,EN,Worldwide,Q1
4846,,http://www.youtube.com/user/avrillavignevevo,Music,vevo; rock; pop; punk,EN,Worldwide,Q1
7322,AVweb,http://www.youtube.com/user/avweb,Autos & Vehicles ,aviation,EN,Worldwide,Q3
3590,Awesome Sauce Films,http://www.youtube.com/user/awesomesaucefilms,Gaming ,game commentaries; first person shooters; funny,EN,Worldwide,Q2
6469,B2M Entertainment,http://www.youtube.com/user/b2ment,Music,kpop,Others,Worldwide,Q2
8333,Band Parades,http://www.youtube.com/user/bandxparades,Music,marching band,EN,Worldwide,Q3
8335,Band Video Clips,http://www.youtube.com/user/garygdlk,Music,marching band,EN,Worldwide,Q3
8043,Barcroft TV,http://www.youtube.com/user/barcroftmedia,People; Blogs & Shorts ,viral; action sports,EN,Worldwide,Q2
384,Barely Political,http://www.youtube.com/user/barelypolitical,People; Blogs & Shorts ,web shorts; funny,EN,Worldwide,Q1
6099,Bass Heavy Music,http://www.youtube.com/user/dubsteptunez,Music,electro,EN,Worldwide,Q3
7270,Bat In the Sun,http://www.youtube.com/user/batinthesun,People; Blogs & Shorts ,web shorts,EN,Worldwide,Q1
5261,Battlefield 3,http://www.youtube.com/user/battlefield,Gaming ,game trailers; first person shooters,EN,Worldwide,Q3
664,BBC Earth,http://www.youtube.com/user/bbcearth,Animals & Pets ,wild animals; tv shows,EN,Worldwide,Q1
7395,BBC,http://www.youtube.com/user/bbc,TV & Film,tv shows,EN,Worldwide,Q1
108,BBC Worldwide,http://www.youtube.com/user/bbcworldwide,TV & Film,tv shows,EN,Worldwide,Q1
1623,BBQ Pit Boys,http://www.youtube.com/user/barbecueweb,How-To ,recipes,EN,Worldwide,Q1
7603,Beautybaby44,http://www.youtube.com/user/beautybaby44,Fashion; Food & Living ,beauty products; outfits,EN,Worldwide,Q2
6755,BeautyBroadcast,http://www.youtube.com/user/emilynoel83,Fashion; Food & Living ,makeup; beauty products,EN,Worldwide,Q2
7456,Beijing Cream,http://www.youtube.com/user/beijingcream,People; Blogs & Shorts ,viral,EN,Worldwide,Q3
7289,Bellator MMA,http://www.youtube.com/user/bellatormma,Sports & Health ,combat,EN,Worldwide,Q1
7595,BestAds,http://www.youtube.com/user/bestads,Art & Design ,tv commercials,EN,Worldwide,Q2
289,Best Dunkers in the World ,http://www.youtube.com/user/teamflightbrothers,Sports & Health ,basketball,EN,Worldwide,Q3
3702,Beyonce VEVO,http://www.youtube.com/user/beyoncevevo,Music,vevo; r&b; hip hop; soul; pop,EN,Worldwide,Q1
7373,BFvsGF,http://www.youtube.com/user/bfvsgf,People; Blogs & Shorts ,pranks; funny,EN,Worldwide,Q2
423,Big Bang,http://www.youtube.com/user/bigbang,Music,kpop,Others,Worldwide,Q1
6732,Big Sean VEVO,http://www.youtube.com/user/bigseanvevo,Music,vevo; hip hop,EN,Worldwide,Q1
3744,Big Think,http://www.youtube.com/user/bigthink,Education & Lectures ,experts,EN,Worldwide,Q2
7254,Bikeskills.com,http://www.youtube.com/user/bikeskills,Sports & Health ,action sports; mountain biking; bmx; motorcross,EN,Worldwide,Q1
133,Bikini.com,http://www.youtube.com/user/bikinicom,Fashion; Food & Living ,girls; outfits,EN,Worldwide,Q1
5008,Billboard Classic,http://www.youtube.com/user/billboardclassic,Music,countdowns,EN,Worldwide,Q1
430,Billboard.com,http://www.youtube.com/user/billboardmagazine,Music,live performances; music news,EN,Worldwide,Q1
116,Billboard Hot 100,http://www.youtube.com/user/billboardgoddess,Music,countdowns,EN,Worldwide,Q2
8412,Bimmer Post,http://www.youtube.com/user/bimmerpost,Autos & Vehicles ,car make,EN,Worldwide,Q2
170,bing,http://www.youtube.com/user/bing,Tech & Apps ,consumer websites,EN,Worldwide,Q3
12,BlackBerry,http://www.youtube.com/user/blackberry,Tech & Apps ,consumer electronics; blackberry,EN,Worldwide,Q3
3670,Black Eyed Peas VEVO,http://www.youtube.com/user/blackeyedpeasvevo,Music,vevo; hip hop; r&b; electro ,EN,Worldwide,Q1
7575,BlacktipHFishing,http://www.youtube.com/user/blacktiph,Sports & Health ,fishing,EN,Worldwide,Q2
3591,Black Tuezday (Producer Boon Doc),http://www.youtube.com/user/blacktuezday,Music,indie; hip hop,EN,Worldwide,Q1
1484,Bloomberg,http://www.youtube.com/user/bloomberg,News ,world news; financial news,EN,Worldwide,Q1
22,BMW,http://www.youtube.com/user/bmw,Autos & Vehicles ,car make,EN,Worldwide,Q2
433,BodyRock.TV,http://www.youtube.com/user/charliejames1975,Sports & Health ,workouts; bodybuilding,EN,Worldwide,Q1
96,Boston Celtics,http://www.youtube.com/user/bostonceltics,Sports & Health ,basketball; nba; boston celtics,EN,Worldwide,Q2
7252,Boston Dynamics,http://www.youtube.com/user/bostondynamics,Tech & Apps ,robotics,EN,Worldwide,Q3
3671,Boyce Avenue,http://www.youtube.com/user/boyceavenue,Music,song covers; rock,EN,Worldwide,Q1
7269,Break,http://www.youtube.com/user/break,Comedy,funny; viral,EN,Worldwide,Q1
8189,Break Originals,http://www.youtube.com/user/breakoriginals,People; Blogs & Shorts ,funny; web shorts,EN,Worldwide,Q1
762,Britney Spears VEVO,http://www.youtube.com/user/britneyspearsvevo,Music,vevo; pop,EN,Worldwide,Q1
3672,Brit Pop Princess,http://www.youtube.com/user/britpopprincess,Fashion; Food & Living ,outfits,EN,Worldwide,Q2
3516,Brooklyn Museum,http://www.youtube.com/user/brooklynmuseum,Art & Design ,museums; culture,EN,Worldwide,Q2
7368,Bruno's Kitchen,http://www.youtube.com/user/brunoalbouze,Fashion; Food & Living ,recipes,EN,Worldwide,Q2
6368,Brussup Illusion Science,http://www.youtube.com/user/brusspup,Art & Design ,visual,EN,Worldwide,Q2
6678,Bubzbeauty,http://www.youtube.com/user/bubzbeauty,Fashion; Food & Living ,outfits; makeup; hairstyle,EN,Worldwide,Q2
24,Burberry,http://www.youtube.com/user/burberry,Fashion; Food & Living ,high fashion,EN,Worldwide,Q3
6819,Calvin Harris VEVO,http://www.youtube.com/user/calvinharrisvevo,Music,vevo; electro,EN,Worldwide,Q1
323,Cambridge University,http://www.youtube.com/user/cambridgeuniversity,Education & Lectures ,colleges,EN,Worldwide,Q2
3745,Camera Lab,http://www.youtube.com/user/cameralabs,Tech & Apps ,cameras,EN,Worldwide,Q2
7470,Capcom Unity,http://www.youtube.com/user/capcomunityvideos,Gaming ,game trailers; game commentaries,EN,Worldwide,Q1
6754,Captain Sparklez,http://www.youtube.com/user/captainsparklez,Gaming ,game commentaries; vlog,EN,Worldwide,Q2
3517,Carlos Douh,http://www.youtube.com/user/carlosdouh,People; Blogs & Shorts ,vlog; culture,EN,Worldwide,Q2
8171,Carly Rae Jepsen VEVO,http://www.youtube.com/user/carlyraejepsenvevo,Music,vevo; pop,EN,Worldwide,Q1
29,Car Show Classic,http://www.youtube.com/user/carshowclassic,Autos & Vehicles ,car reviews,EN,Worldwide,Q3
5012,Cathy Nguyen,http://www.youtube.com/user/lilcdawg,People; Blogs & Shorts ,indie; song covers; vlog,EN,Worldwide,Q3
7246,CBC The National,http://www.youtube.com/user/cbcthenational,News ,world news,EN,Worldwide,Q2
3485,CED,http://www.youtube.com/user/canaleducatif,Art & Design ,paintings,EN,Worldwide,Q2
8420,CelebTV,http://www.youtube.com/user/celebtv,TV & Film,entertainment; ,EN,Worldwide,Q1
5113,Celine Dion VEVO,http://www.youtube.com/user/celinedionvevo,Music,vevo; pop; rock,EN,Worldwide,Q1
6150,Celtics Productions,http://www.youtube.com/user/celticsproduction,Sports & Health ,nba; basketball; boston celtics,EN,Worldwide,Q2
6352,CES Official,http://www.youtube.com/user/cesonthetube,Tech & Apps ,consumer electronics,EN,Worldwide,Q2
6309,Channel 4,http://www.youtube.com/user/channel4,TV & Film,documentaries,EN,Worldwide,Q1
6,Channel ASAHI,http://www.youtube.com/user/asahicom,News ,world news,Others,Worldwide,Q1
3787,Charles Trippy,http://www.youtube.com/user/charlestrippy,People; Blogs & Shorts ,web shorts,EN,Worldwide,Q2
199,Charlie McDonnell ,http://www.youtube.com/user/charlieissocoollike,People; Blogs & Shorts ,vlog,EN,Worldwide,Q2
1496,Chef Tips,http://www.youtube.com/user/cheftips,How-To ,recipes,EN,Worldwide,Q2
3789,Chestersee,http://www.youtube.com/user/chestersee,People; Blogs & Shorts ,web shorts; indie; ytf,EN,Worldwide,Q2
276,Chevrolet,http://www.youtube.com/user/chevrolet,Autos & Vehicles ,car make,EN,Worldwide,Q3
7334,Chow,http://www.youtube.com/user/chow,How-To ,recipes,EN,Worldwide,Q1
436,Christina Aguilera VEVO,http://www.youtube.com/user/caguileravevo,Music,vevo; pop,EN,Worldwide,Q1
4039,Christina Grimmie ,http://www.youtube.com/user/zeldaxlove64,People; Blogs & Shorts ,indie; song covers; pop,EN,Worldwide,Q2
7425,Cincinnati Zoo,http://www.youtube.com/user/cincinnatizootube,Animals & Pets ,wild animals,EN,Worldwide,Q2
7048,Cirque du Soleil,http://www.youtube.com/user/cirquedusoleil,Art & Design ,live performances,EN,Worldwide,Q1
6380,city42tv Pakistani News,http://www.youtube.com/user/city042tv,News ,world news,EN,Worldwide,Q1
7407,City and Makeup,http://www.youtube.com/user/cityandmakeup,Fashion; Food & Living ,makeup; beauty products,EN,Worldwide,Q2
3703,Clara C ,http://www.youtube.com/user/claracmusic,Music,indie; song covers,EN,Worldwide,Q2
310,Classic Game Room,http://www.youtube.com/user/inecomcompany,Gaming ,game commentaries; game reviews,EN,Worldwide,Q2
6931,Clevver Games,http://www.youtube.com/user/clevvergames,Gaming ,game reviews; game news,EN,Worldwide,Q1
442,Clevver Movies,http://www.youtube.com/user/clevvermovies,TV & Film,movie reviews; entertainment; movie news,EN,Worldwide,Q1
6928,Clevver Music,http://www.youtube.com/user/clevvermusic,Music,entertainment; music news,EN,Worldwide,Q1
6929,Clevver News,http://www.youtube.com/user/clevvernews,TV & Film,; gossip,EN,Worldwide,Q1
6938,Clevver Style,http://www.youtube.com/user/clevverstyle,Fashion; Food & Living ,outfits; entertainment; high fashion,EN,Worldwide,Q1
3594,Clevver TV,http://www.youtube.com/user/clevvertv,TV & Film,entertainment; gossip,EN,Worldwide,Q1
6727,Club Penguin,http://www.youtube.com/user/clubpenguin,Gaming ,kids,EN,Worldwide,Q3
2037,cnblue,http://www.youtube.com/user/cnblue,Music,kpop,Others,Worldwide,Q1
211,CNET,http://www.youtube.com/user/cnettv,Tech & Apps ,tech news; consumer electronics; tech reviews,EN,Worldwide,Q1
1497,Coca Cola,http://www.youtube.com/user/cocacola,Fashion; Food & Living ,beverages,EN,Worldwide,Q3
3791,Coldplay VEVO,http://www.youtube.com/user/coldplayvevo,Music,vevo; rock,EN,Worldwide,Q1
7331,College Makeup Girl,http://www.youtube.com/user/collegemakeupgirl,Fashion; Food & Living ,makeup; beauty products,EN,Worldwide,Q2
6980,Combat Footage,http://www.youtube.com/user/funker530,Tech & Apps ,combat,EN,Worldwide,Q2
5009,Comedy Central,http://www.youtube.com/user/comedycentral,Comedy,funny; standup comedy,EN,Worldwide,Q1
3677,Comedy Time,http://www.youtube.com/user/comedytimedir,Comedy,standup comedy,EN,Worldwide,Q1
3793,Community Channel,http://www.youtube.com/user/communitychannel,People; Blogs & Shorts ,web shorts; vlog,EN,Worldwide,Q2
3746,Computer History Museum,http://www.youtube.com/user/computerhistory,Tech & Apps ,history; museums,EN,Worldwide,Q3
3596,Cooking With Dog,http://www.youtube.com/user/cookingwithdog,How-To ,recipes,EN,Worldwide,Q2
7572,Cooking With Jack,http://www.youtube.com/user/jakatak69,How-To ,recipes,EN,Worldwide,Q1
3794,Corridor Digital,http://www.youtube.com/user/corridordigital,People; Blogs & Shorts ,web shorts,EN,Worldwide,Q2
6879,Cosplay-Mag,http://www.youtube.com/user/cosplaymag,Fashion; Food & Living ,cosplay,EN,Worldwide,Q3
7464,Crazy Breaking News,http://www.youtube.com/user/crazybreakingnews,Autos & Vehicles ,aviation,EN,Worldwide,Q3
6305,CrossFit HQ,http://www.youtube.com/user/crossfithq,Sports & Health ,workouts,EN,Worldwide,Q2
7816,Culture Pub,http://www.youtube.com/user/culturepub,Art & Design ,tv commercials,EN,Worldwide,Q1
8385,Chengdu PAW,http://www.youtube.com/user/chengdupaw,Animals & Pets ,campaigns,Others,Worldwide,Q3
3704,CuteWinFail,http://www.youtube.com/user/cutewinfail,Comedy,viral; funny,EN,Worldwide,Q2
146,Daily NBA videos,http://www.youtube.com/user/nbaerik,Sports & Health ,basketball; nba,EN,Worldwide,Q1
6670,Daneboe,http://www.youtube.com/user/daneboe,People; Blogs & Shorts ,web shorts,EN,Worldwide,Q2
3795,Dang Films TV,http://www.youtube.com/user/dangfilmstv,Music,indie; hip hop,EN,Worldwide,Q1
7549,DARPAtv,http://www.youtube.com/user/darpatv,Tech & Apps ,robotics,EN,Worldwide,Q3
6682,Dave Days,http://www.youtube.com/user/davedays,People; Blogs & Shorts ,web shorts,EN,Worldwide,Q2
3796,David Choi,http://www.youtube.com/user/davidchoimusic,Music,song covers; indie; soul,EN,Worldwide,Q2
6778,David Ghetta,http://www.youtube.com/user/davidguetta,Music,live performances; electro,EN,Worldwide,Q1
6797,David Guetta VEVO,http://www.youtube.com/user/davidguettavevo,Music,vevo; electro,EN,Worldwide,Q1
6825,David So Comedy,http://www.youtube.com/user/davidsocomedy,Comedy,funny; vlog,EN,Worldwide,Q2
8490,DC Shoes Film,http://www.youtube.com/user/dcshoesfilm,Sports & Health ,sportswear; action sports,EN,Worldwide,Q2
7276,Demi Lovato VEVO,http://www.youtube.com/user/demilovatovevo,Music,vevo; pop,EN,Worldwide,Q1
7600,DesignPD,http://www.youtube.com/user/designpd,Art & Design ,sculptures,EN,Worldwide,Q2
6698,DeStorm Power,http://www.youtube.com/user/destorm,Music,indie; hip hop,EN,Worldwide,Q2
7250,Devin Super Tramp,http://www.youtube.com/user/devinsupertramp,People; Blogs & Shorts ,viral,EN,Worldwide,Q1
6749,Dev VEVO,http://www.youtube.com/user/devvevo,Music,vevo; electro; pop,EN,Worldwide,Q1
222,D&G,http://www.youtube.com/user/dolcegabbanachannel,Fashion; Food & Living ,high fashion,EN,Worldwide,Q3
7881,Diablo,http://www.youtube.com/user/diablo,Gaming ,game trailers; rpg,EN,Worldwide,Q3
980,Diet Health,http://www.youtube.com/user/diethealth,Sports & Health ,workouts,EN,Worldwide,Q2
5681,DigInfo News,http://www.youtube.com/user/diginfonews,Tech & Apps ,consumer electronics,EN,Worldwide,Q2
5642,DigInfo News Japan,http://www.youtube.com/user/diginfonewsjapan,Tech & Apps ,consumer electronics,Others,Worldwide,Q2
5613,Digita lRev TV,http://www.youtube.com/user/digitalrevcom,Art & Design ,cameras,EN,Worldwide,Q1
1645,Ding Ding TV,http://www.youtube.com/user/dianaamazing,TV & Film,local news,ZH,Worldwide,Q2
3607,Discount Juicer Demo,http://www.youtube.com/user/rawfoods,Sports & Health ,diet,EN,Worldwide,Q2
3705,Discovery International,http://www.youtube.com/user/discoverytv,TV & Film,tv shows; discovery network,EN,Worldwide,Q1
7233,Discovery World,http://www.youtube.com/user/discoveryworld,TV & Film,tv shows; discovery network,EN,Worldwide,Q1
218,Disney Parks,http://www.youtube.com/user/disneyparks,Fashion; Food & Living ,traveling,EN,Worldwide,Q2
3747,Disney Pixar,http://www.youtube.com/user/disneypixar,Cartoons & Animation ,kids,EN,Worldwide,Q1
7001,Divas Can Cook,http://www.youtube.com/user/divascancook,How-To ,recipes,EN,Worldwide,Q1
6743,DJ Khaled VEVO,http://www.youtube.com/user/djkhaledvevo,Music,vevo; hip hop,EN,Worldwide,Q1
5984,DJ Nestor Cruz,http://www.youtube.com/user/djnestorcruz,Music,electro,EN,Worldwide,Q2
3678,D-Pryde,http://www.youtube.com/user/dprydemusic,Music,indie; song covers; vlog,EN,Worldwide,Q2
7305,D-trix,http://www.youtube.com/user/thedominicshow,People; Blogs & Shorts ,vlog; web shorts; ytf,EN,Worldwide,Q2
7389,Dulce Candy's Makeup,http://www.youtube.com/user/dulcecandy87,How-To ,makeup; hairstyle; outfits; beauty products,EN,Worldwide,Q2
3706,Dumbfoundead,http://www.youtube.com/user/dumbfoundead,Music,indie; hip hop,EN,Worldwide,Q2
6779,DXP,http://www.youtube.com/user/dxpxpressxp,Music,indie; hip hop; vlog,EN,Worldwide,Q2
5010,EA France,http://www.youtube.com/user/eafrance,Gaming ,game trailers; sports games,Others,Worldwide,Q2
8290,EdBassmaster,http://www.youtube.com/user/edbassmaster,Comedy,funny; pranks,EN,Worldwide,Q2
8090,Effortless Swimming,http://www.youtube.com/user/effortlessswimming,How-To ,swimming,EN,Worldwide,Q3
3797,ehow Fitness,http://www.youtube.com/user/ehowhealth,How-To ,workouts; diet,EN,Worldwide,Q1
8341,eHowPets,http://www.youtube.com/user/ehowpets,Animals & Pets ,dogs,EN,Worldwide,Q1
17,ELLE TV,http://www.youtube.com/user/elletvfashion,People; Blogs & Shorts ,high fashion,EN,Worldwide,Q2
5155,Emeli Sande VEVO,http://www.youtube.com/user/emelisandevevo,Music,vevo; r&b; soul,EN,Worldwide,Q1
3487,Eminem VEVO,http://www.youtube.com/user/eminemvevo,Music,vevo; hip hop,EN,Worldwide,Q1
191,Enminem Skatebording,http://www.youtube.com/user/enminem,Sports & Health ,action sports; skateboarding,EN,Worldwide,Q2
2,EpicMealTime,http://www.youtube.com/user/epicmealtime,People; Blogs & Shorts ,funny; diet,EN,Worldwide,Q1
6868,ERB EpicRapBattle,http://www.youtube.com/user/erb,Music,viral,EN,Worldwide,Q3
490,ESPN Boston: Celtics videos,http://www.youtube.com/user/espnforsberg,Sports & Health ,basketball; nba; boston celtics,EN,Worldwide,Q2
812,ESPN,http://www.youtube.com/user/espn,Sports & Health ,sports news,EN,Worldwide,Q1
3488,ESPN Media Zone,http://www.youtube.com/user/espnmediazone,Sports & Health ,,EN,Worldwide,Q3
7265,EsquireMagazine,http://www.youtube.com/user/esquiremag,Fashion; Food & Living ,girls; magazine,EN,Worldwide,Q1
3492,Everything Tibet,http://www.youtube.com/user/ikhamo,Music,indie,EN,Worldwide,Q2
505,Expert NBA Breakdowns,http://www.youtube.com/user/bballbreakdown,Sports & Health ,nba; basketball; vlog; sports commentaries,EN,Worldwide,Q2
1672,Expert Village,http://www.youtube.com/user/expertvillage,How-To ,general howtos,EN,Worldwide,Q1
3598,Fabolous VEVO,http://www.youtube.com/user/fabolousvevo,Music,vevo; hip hop,EN,Worldwide,Q1
3798,FailBlog,http://www.youtube.com/user/failblog,Comedy,viral; funny,EN,Worldwide,Q3
8183,FandangoMovies,http://www.youtube.com/user/fandangomovies,TV & Film,movie trailers,EN,Worldwide,Q2
8003,FarEastMovementVEVO,http://www.youtube.com/user/fareastmovementvevo,Music,vevo; hip hop; pop,EN,Worldwide,Q1
594,Fashion DIY,http://www.youtube.com/user/anneorshine,Fashion; Food & Living ,outfits,EN,Worldwide,Q2
18,Fashion TV,http://www.youtube.com/user/fashiontv,Fashion; Food & Living ,high fashion,EN,Worldwide,Q2
6750,FeastofFiction,http://www.youtube.com/user/feastoffiction,People; Blogs & Shorts ,recipes,EN,Worldwide,Q3
7444,FleurDeForce,http://www.youtube.com/user/fleurdeforce,Fashion; Food & Living ,makeup; beauty products; outfits,EN,Worldwide,Q2
3519,Flight Global,http://www.youtube.com/user/flightglobal,Autos & Vehicles ,aviation,EN,Worldwide,Q2
7597,FlippinTheScript,http://www.youtube.com/user/flippinthescript,Sports & Health ,action sports; tricking,EN,Worldwide,Q2
5058,FloRida,http://www.youtube.com/user/officialflo,Music,hip hop,EN,Worldwide,Q2
591,FoodWishes,http://www.youtube.com/user/foodwishes,Fashion; Food & Living ,recipes,EN,Worldwide,Q1
136,Ford,http://www.youtube.com/user/ford,Autos & Vehicles ,car make,EN,Worldwide,Q3
3638,Formula One Hot Wheels,http://www.youtube.com/user/formulaonehotwheel,People; Blogs & Shorts ,kids; hobbies,EN,Worldwide,Q3
560,Fox Soccer,http://www.youtube.com/user/foxsoccer,Sports & Health ,soccer,EN,Worldwide,Q3
435,FOX Sports,http://www.youtube.com/user/foxsports,Sports & Health ,sports news,EN,Worldwide,Q1
6695,FPS Russia,http://www.youtube.com/user/fpsrussia,Tech & Apps ,combat,EN,Worldwide,Q2
6675,FreddieW2,http://www.youtube.com/user/freddiew2,People; Blogs & Shorts ,web shorts; viral,EN,Worldwide,Q1
197,FreddieW,http://www.youtube.com/user/freddiew,People; Blogs & Shorts ,web shorts; viral,EN,Worldwide,Q1
3593,Frederator,http://www.youtube.com/user/channelfrederator,Cartoons & Animation ,klds,EN,Worldwide,Q2
3639,FromHeadToToe,http://www.youtube.com/user/frmheadtotoe,Fashion; Food & Living ,makeup; beauty products,EN,Worldwide,Q2
253,FueledByRamen,http://www.youtube.com/user/fueledbyramen,Music,music label; rock,EN,Worldwide,Q1
3802,Funny or Die,http://www.youtube.com/user/funnyordie,Comedy,funny,EN,Worldwide,Q1
5952,FutureShorts,http://www.youtube.com/user/futureshorts,People; Blogs & Shorts ,web shorts,EN,Worldwide,Q2
5114,GameSpot,http://www.youtube.com/user/gamespot,Gaming ,game commentaries; game reviews; game trailers; game news,EN,Worldwide,Q1
3709,Game Sprout,http://www.youtube.com/user/gamesprout,Gaming ,game commentaries; first person shooters,EN,Worldwide,Q1
5971,Garu,http://www.youtube.com/user/garu2612,Music,kpop,Others,Worldwide,Q2
6915,GeekAndSundry,http://www.youtube.com/user/geekandsundry,People; Blogs & Shorts ,web shorts,EN,Worldwide,Q1
5230,Gefilte Fish,http://www.youtube.com/user/uberhaxornova,Comedy,funny; web shorts,EN,Worldwide,Q1
7594,GeorgeWatsky,http://www.youtube.com/user/gwatsky,Music,live performances; indie; hip hop; funny,EN,Worldwide,Q1
6503,Geo TV,http://www.youtube.com/user/geotv,TV & Film,bollywood,EN,Worldwide,Q2
7530,GetOutTheBox,http://www.youtube.com/user/getoutthebox1,Nonprofits & Faith ,,EN,Worldwide,Q2
8332,Glasgow Rangers Song Didn't You Know ; Didn't You Know,http://www.youtube.com/user/david1966dc,Music,combat,EN,Worldwide,Q3
7503,Glitterdollz7,http://www.youtube.com/user/glitterdollz7,How-To ,makeup; beauty products,EN,Worldwide,Q3
520,Golden State Warriors,http://www.youtube.com/user/goldenstatewarriors,Sports & Health ,nba; basketball; golden state warriors,EN,Worldwide,Q2
5812,Golfing World,http://www.youtube.com/user/golfingworld,Sports & Health ,golfing,EN,Worldwide,Q1
5057,Gonzossm,http://www.youtube.com/user/gonzossm,Cartoons & Animation ,kids; viral; funny,EN,Worldwide,Q1
67,Google Developers,http://www.youtube.com/user/googledevelopers,Tech & Apps ,consumer websites,EN,Worldwide,Q2
13,Google,http://www.youtube.com/user/google,Tech & Apps ,consumer websites,EN,Worldwide,Q2
256,GoogleTaiwan,http://www.youtube.com/user/googletaiwan,Tech & Apps ,consumer websites,ZH,TW,Q3
1246,@Google Talks,http://www.youtube.com/user/atgoogletalks,Tech & Apps ,consumer websites; speeches,EN,Worldwide,Q2
1246,GoPro,http://www.youtube.com/user/goprocamera,Sports & Health ,action sports; cameras; consumer electronics,EN,Worldwide,Q1
3710,Growing Your Greens,http://www.youtube.com/user/growingyourgreens,How-To ,diet; gardening,EN,Worldwide,Q2
167,Guitar Center TV,http://www.youtube.com/user/guitarcentertv,Music,indie,EN,Worldwide,Q2
260,Gundam.tk,http://www.youtube.com/user/rrobbert184,People; Blogs & Shorts ,kids; hobbies,EN,Worldwide,Q1
3612,Hairworld & Beautyworld,http://www.youtube.com/user/switchscissors,Fashion; Food & Living ,hairstyle,EN,Worldwide,Q2
7296,HalfbrickStudios,http://www.youtube.com/user/halfbrickstudios,Gaming ,apps,EN,Worldwide,Q3
98,Happy Magic Skateboarding ,http://www.youtube.com/user/happymagicskateboard,Sports & Health ,action sports; skateboarding,EN,Worldwide,Q3
3601,Harvest Eating,http://www.youtube.com/user/keithsnow,Fashion; Food & Living ,recipes; gardening; diet,EN,Worldwide,Q2
8387,HavanaBrownVEVO,http://www.youtube.com/user/havanabrownvevo,Music,vevo; hip hop; electro,EN,Worldwide,Q1
3690,Hazard Cinema,http://www.youtube.com/user/thehazardcinema,Gaming ,game commentaries; first person shooters,EN,Worldwide,Q1
1590,HBOsports,http://www.youtube.com/user/hbosports,Sports & Health ,sports news; boxing; combat,EN,Worldwide,Q2
231,HeatTeo,http://www.youtube.com/user/heatteo,Sports & Health ,basketball; nba; miami heat,EN,Worldwide,Q3
7582,HipHopOfficial,http://www.youtube.com/user/hiphopofficial,Music,hip hop,EN,Worldwide,Q2
274,H&M,http://www.youtube.com/user/hennesandmauritz,Fashion; Food & Living ,outfits,EN,Worldwide,Q3
7833,HockeyWebCaster,http://www.youtube.com/user/hockeywebcaster,Sports & Health ,hockey,EN,Worldwide,Q1
3522,Hollyannaeree,http://www.youtube.com/user/hollyannaeree,Fashion; Food & Living ,outfits; beauty products; makeup,EN,Worldwide,Q2
8423,HollyscoopTV,http://www.youtube.com/user/hollyscooptv,TV & Film,entertainment; gossip,EN,Worldwide,Q1
7568,HollywoodCIA,http://www.youtube.com/user/hollywoodcia,TV & Film,entertainment; gossip,EN,Worldwide,Q1
204,Hollywood.com,http://www.youtube.com/user/hollywoodstreams,TV & Film,movie trailers,EN,Worldwide,Q1
134,Honda,http://www.youtube.com/user/honda,Autos & Vehicles ,car make,EN,Worldwide,Q3
8125,HoopMixTape3:The Extras,http://www.youtube.com/user/hmtextras,Sports & Health ,basketball,EN,Worldwide,Q2
326,Hoop Mixtape,http://www.youtube.com/user/hoopmixtape,Sports & Health ,basketball,EN,Worldwide,Q2
3803,Hoops Mixtape 2: The Blog,http://www.youtube.com/user/hoopmixtapeblog,Sports & Health ,basketball,EN,Worldwide,Q2
7831,HotBrilliance,http://www.youtube.com/user/hautebrilliance,Fashion; Food & Living ,beauty products; makeup,EN,Worldwide,Q2
6690,HOUSEHOLD HACKER,http://www.youtube.com/user/householdhacker,How-To ,viral; hacks,EN,Worldwide,Q1
3641,HowdiniGuru,http://www.youtube.com/user/howdiniguru,How-To ,general howtos,EN,Worldwide,Q3
4442,HowItShouldHaveEnded,http://www.youtube.com/user/hishedotcom,Cartoons & Animation ,viral; movie reviews; funny; kids,EN,Worldwide,Q1
4747,HTC,http://www.youtube.com/user/htc,Tech & Apps ,consumer electronics; htc,EN,Worldwide,Q3
6502,Huffington Post,http://www.youtube.com/user/huffingtonpost,News ,world news; us news,EN,Worldwide,Q1
7180,Hungama,http://www.youtube.com/user/hungama,TV & Film,bollywood,EN,Worldwide,Q2
49,HuskyStarcraft - RPGl,http://www.youtube.com/user/huskystarcraft,Gaming ,game commentaries; strategy games,EN,Worldwide,Q1
3711,Ian H,http://www.youtube.com/user/ianh,People; Blogs & Shorts ,web shorts; funny,EN,Worldwide,Q1
307,IBM,http://www.youtube.com/user/ibm,Tech & Apps ,consumer electronics,EN,Worldwide,Q2
3788,ICanHasCheezburger,http://www.youtube.com/user/cheezburger,Animals & Pets ,dogs; cats,EN,Worldwide,Q2
7239,iDownloadBlog,http://www.youtube.com/user/myjailbreakmovies,Tech & Apps ,apps; apple,EN,Worldwide,Q2
7300,iFixit,http://www.youtube.com/user/ifixityourself,Tech & Apps ,consumer electronics,EN,Worldwide,Q2
7573,iFlyTV,http://www.youtube.com/user/iflymagazine,Autos & Vehicles ,aviation; traveling,EN,Worldwide,Q3
72,IGN Entertainment,http://www.youtube.com/user/ignentertainment,Gaming ,game news; game reviews; game commentaries; game trailers,EN,Worldwide,Q1
3523,ImprovEverywhere,http://www.youtube.com/user/improveverywhere,Comedy,funny; viral; pranks,EN,Worldwide,Q1
5263,Incubus,http://www.youtube.com/user/incubusvevo,Music,vevo; rock,EN,Worldwide,Q1
6718,India,http://www.youtube.com/user/india,Fashion; Food & Living ,traveling,EN,Worldwide,Q3
7280,InsidePool,http://www.youtube.com/user/insidepoolmag,Sports & Health ,pool,EN,Worldwide,Q2
6922,Inside the Magic,http://www.youtube.com/user/insidethemagic,Fashion; Food & Living ,traveling; kids,EN,Worldwide,Q3
1116,IntoMobile,http://www.youtube.com/user/intomobile,Tech & Apps ,consumer electronics,EN,Worldwide,Q2
6799,Invisible Children,http://www.youtube.com/user/invisiblechildreninc,Nonprofits & Faith ,,EN,Worldwide,Q3
572,iPhone & Android App Reviews!,http://www.youtube.com/user/appjudgment,Tech & Apps ,apps; apple; android,EN,Worldwide,Q2
6806,IronmanTriathlon,http://www.youtube.com/user/ironmantriathlon,Sports & Health ,triathlon,EN,Worldwide,Q1
7576,ITNNews,http://www.youtube.com/user/itnnews,News ,world news,EN,Worldwide,Q1
7546,JamesMorrison,http://www.youtube.com/user/jamesmorrisononline,Music,indie; song covers,EN,Worldwide,Q3
373,Japanese Pod 101,http://www.youtube.com/user/japanesepod101,Education & Lectures ,languages,EN,Worldwide,Q2
1233,Jason Chen,http://www.youtube.com/user/miniachilles,Music,indie; song covers; r&b; soul; vlog,EN,Worldwide,Q2
1004,Jayesslee,http://www.youtube.com/user/jayesslee,Music,indie; song covers; vlog; pop,EN,Worldwide,Q2
6786,JayZVEVO,http://www.youtube.com/user/jayzvevo,Music,vevo; hip hop,EN,Worldwide,Q2
6100,Jazz de lastsamurai55,http://www.youtube.com/user/lastsamurai55,Music,vevo; jazz,EN,Worldwide,Q3
6762,JColeVEVO,http://www.youtube.com/user/jcolevevo,Music,vevo; hip hop,EN,Worldwide,Q2
25,Jeep,http://www.youtube.com/user/thejeepchannel,Autos & Vehicles ,car make,EN,Worldwide,Q3
6800,JennaMarbles,http://www.youtube.com/user/jennamarbles,People; Blogs & Shorts ,vlog; funny,EN,Worldwide,Q1
3493,Jennifer J Chung ,http://www.youtube.com/user/jenniferjchung,Music,indie; song covers,EN,Worldwide,Q3
7312,JeremiahWarren,http://www.youtube.com/user/jeremiahjw,People; Blogs & Shorts ,web shorts,EN,Worldwide,Q3
7116,Jeremy Lin Highlights,http://www.youtube.com/user/jeremylinhighlight,Sports & Health ,nba; jeremy lin; basketball,EN,Worldwide,Q2
7119,Jeremy Lin New York Knicks,http://www.youtube.com/user/zaxjia1217,Sports & Health ,nba; jeremy lin; basketball,EN,Worldwide,Q2
7580,JessicaHarlow,http://www.youtube.com/user/missjessicaharlow,Fashion; Food & Living ,beauty products; makeup,EN,Worldwide,Q2
3805,JimmyKimmelLive,http://www.youtube.com/user/jimmykimmellive,Comedy,tv shows; funny; pranks,EN,Worldwide,Q1
6880,JLE,http://www.youtube.com/user/oojleoo,Comedy,funny,EN,Worldwide,Q2
7349,JoBloMovieNetwork,http://www.youtube.com/user/joblomovienetwork,TV & Film,movie trailers; movie reviews,EN,Worldwide,Q2
7607,JoesOrigami,http://www.youtube.com/user/jonakashima,Art & Design ,sculptures,EN,Worldwide,Q2
6788,jonlajoie,http://www.youtube.com/user/jonlajoie,People; Blogs & Shorts ,vlog,EN,Worldwide,Q3
3804,JosephVincent,http://www.youtube.com/user/hoorahjencar,Music,indie; song covers,EN,Worldwide,Q2
1468,JourneyManPictures ,http://www.youtube.com/user/journeymanpictures,TV & Film,documentaries,EN,Worldwide,Q1
352,J.R.A.TV  ,http://www.youtube.com/user/jraquinomusic,Music,indie; song covers,EN,Worldwide,Q2
3642,JReyez,http://www.youtube.com/user/jreyez,Music,web shorts; indie; song covers; vlog,EN,Worldwide,Q2
6686,Juicystar,http://www.youtube.com/user/juicystar07,Fashion; Food & Living ,beauty products; makeup; hairstyle,EN,Worldwide,Q2
6710,Julian Smith,http://www.youtube.com/user/juliansmith87,People; Blogs & Shorts ,web shorts,EN,Worldwide,Q3
6785,JumbaFund,http://www.youtube.com/user/jumbafund,Nonprofits & Faith ,web shorts; vlog,EN,Worldwide,Q3
5691,JuntosWorldwide,http://www.youtube.com/user/juntosworldwide,Fashion; Food & Living ,traveling,EN,Worldwide,Q3
3734,Just Eat Real Food,http://www.youtube.com/user/undergroundwellness,Sports & Health ,diet,EN,Worldwide,Q2
3525,JustForLaughs,http://www.youtube.com/user/justforlaughstv,Comedy,funny; pranks,EN,Worldwide,Q1
5011,Justin Bieber,http://www.youtube.com/user/kidrauhl,Music,pop,EN,Worldwide,Q2
104,JustinBieberVEVO,http://www.youtube.com/user/justinbiebervevo,Music,vevo; pop,EN,Worldwide,Q1
3752,JustKiddingFilms,http://www.youtube.com/user/justkiddingfilms,People; Blogs & Shorts ,web shorts,EN,Worldwide,Q2
1920,Jwcfree (Guitar Child Prodigy),http://www.youtube.com/user/jwcfree,Music,indie; song covers; genius,EN,Worldwide,Q2
3753,Kanye West VEVO,http://www.youtube.com/user/kanyewestvevo,Music,vevo; hip hop,EN,Worldwide,Q1
6783,KarminCovers,http://www.youtube.com/user/karmincovers,Music,indie; rock,EN,Worldwide,Q2
6700,KassemG,http://www.youtube.com/user/kassemg,Comedy,web shorts; funny,EN,Worldwide,Q2
7531,KatyPerryOfficial,http://www.youtube.com/user/katyperrymusic,Music,pop,EN,Worldwide,Q1
928,KatyPerryVEVO,http://www.youtube.com/user/katyperryvevo,Music,vevo; pop,EN,Worldwide,Q1
7346,KCRW FM,http://www.youtube.com/user/kcrw,Music,podcasts; song covers,EN,Worldwide,Q2
3526,Kelly Clarkson VEVO,http://www.youtube.com/user/kellyclarksonvevo,Music,vevo; pop,EN,Worldwide,Q1
7913,KendoWorld,http://www.youtube.com/user/kendoworld,Sports & Health ,combat,EN,Worldwide,Q3
386,KevJumba,http://www.youtube.com/user/kevjumba,People; Blogs & Shorts ,web shorts; ytf; vlog; funny,EN,Worldwide,Q1
4570,KhanAcademy,http://www.youtube.com/user/khanacademy,Education & Lectures ,lessons,EN,Worldwide,Q1
5116,Kid Rock Videos,http://www.youtube.com/user/kidrockvideos,Music,rock,EN,Worldwide,Q1
6458,Kim Hyun Joong,http://www.youtube.com/user/kimhyunjoong606,Music,kpop,Others,Worldwide,Q3
6681,Kingsley,http://www.youtube.com/user/itskingsleybitch,People; Blogs & Shorts ,vlog,EN,Worldwide,Q2
6680,Kipkays Hacks; Pranks & How-to,http://www.youtube.com/user/kipkay,How-To ,hacks; pranks,EN,Worldwide,Q2
3714,Koch Records,http://www.youtube.com/user/kochrecords,Music,music label; hip hop,EN,Worldwide,Q2
7396,KoreanFood by Maangchi,http://www.youtube.com/user/maangchi,How-To ,recipes,EN,Worldwide,Q1
1564,Kpop音樂大雜燴ver.2,http://www.youtube.com/user/kpopmv2011v2,Music,kpop,Others,Worldwide,Q1
194,KurtHugoSchneider,http://www.youtube.com/user/kurthugoschneider,Music,indie; song covers,EN,Worldwide,Q2
6146,La Blogotheque | Take Away Shows,http://www.youtube.com/user/lablogotheque,Music,live performances; indie,EN,Worldwide,Q2
392,LadyGagaVEVO,http://www.youtube.com/user/ladygagavevo,Music,vevo; pop; electro,EN,Worldwide,Q2
6065,LakersAllAccess,http://www.youtube.com/user/lakersallaccess,Sports & Health ,nba; basketball; la lakers,EN,Worldwide,Q3
7894,Lamborghini,http://www.youtube.com/user/lamborghini,Autos & Vehicles ,car make,EN,Worldwide,Q1
8191,LateNightWithJimmyFallon,http://www.youtube.com/user/latenight,Comedy,funny,EN,Worldwide,Q1
8362,LaurenLuke,http://www.youtube.com/user/panacea81,How-To ,makeup,EN,Worldwide,Q2
6818,League of Legends,http://www.youtube.com/user/riotgamesinc,Gaming ,game commentaries; rpg,EN,Worldwide,Q2
6322,Learn Quranic Arabic,http://www.youtube.com/user/learnquranicarabic,Education & Lectures ,languages,EN,Worldwide,Q2
7378,LedaMonsterBunny,http://www.youtube.com/user/hailedabear,People; Blogs & Shorts ,vlog; web shorts,EN,Worldwide,Q2
3495,Leem Hayward,http://www.youtube.com/user/leemhayward,Sports & Health ,workouts; diet,EN,Worldwide,Q2
7898,LeighannSays,http://www.youtube.com/user/leighannsays,Fashion; Food & Living ,beauty products,EN,Worldwide,Q2
275,Lexus,http://www.youtube.com/user/lexusvehicles,Autos & Vehicles ,car make,EN,Worldwide,Q3
7274,LianneLaHavas,http://www.youtube.com/user/liannelahavas,Music,indie; soul,EN,Worldwide,Q2
6863,LindseyStirling,http://www.youtube.com/user/lindseystomp,Music,instrumentals,EN,Worldwide,Q1
601,Linkin Park VEVO,http://www.youtube.com/user/linkinparktv,Music,vlog; live performances; rock,EN,Worldwide,Q2
1362,LiquidGenerationTube,http://www.youtube.com/user/liquidgenerationtube,People; Blogs & Shorts ,funny,EN,Worldwide,Q2
2036,LMFAOVEVO,http://www.youtube.com/user/lmfaovevo,Music,vevo; hip hop,EN,Worldwide,Q1
327,Loaded Boards & Orangatang,http://www.youtube.com/user/loadednewsletter,Sports & Health ,action sports,EN,Worldwide,Q2
1335,Lonely Planet,http://www.youtube.com/user/lonelyplanet,Fashion; Food & Living ,traveling,EN,Worldwide,Q1
7986,LonestarVEVO,http://www.youtube.com/user/lonestarvevo,Music,vevo; country,EN,Worldwide,Q2
83,L'Oréal Paris,http://www.youtube.com/user/lorealparis,Fashion; Food & Living ,beauty products,EN,Worldwide,Q2
84,Lowe's Home Solution Center,http://www.youtube.com/user/lowes,How-To ,homes,EN,Worldwide,Q2
8334,LoyalistMarchingBands,http://www.youtube.com/user/cyberprod1690,Music,marching band,EN,Worldwide,Q3
6747,LudacrisVEVO,http://www.youtube.com/user/ludacrisvevo,Music,vevo; hip hop,EN,Worldwide,Q2
8243,MachineGunKelly,http://www.youtube.com/user/machinegunkellyak,Music,hip hop; indie,EN,Worldwide,Q2
402,Machinima,http://www.youtube.com/user/machinima,Gaming ,game commentaries; game trailers; game reviews; game news,EN,Worldwide,Q1
6697,Machinima Respawn,http://www.youtube.com/user/machinimarespawn,Gaming ,game commentaries,EN,Worldwide,Q1
3602,Machinima Sports,http://www.youtube.com/user/machinimasports,Gaming ,sports games; game commentaries; game trailers; game reviews,EN,Worldwide,Q1
6927,Mac Miller,http://www.youtube.com/user/treejtv,Music,hip hop; indie,EN,Worldwide,Q2
7080,MadonnaVEVO,http://www.youtube.com/user/madonnavevo,Music,vevo; pop,EN,Worldwide,Q2
8540,MakeMagazine,http://www.youtube.com/user/makemagazine,How-To ,consumer electronics,EN,Worldwide,Q1
3603,Make Me Bad,http://www.youtube.com/user/makemebad35,People; Blogs & Shorts ,web shorts,EN,Worldwide,Q2
7260,MakeupGeekTV,http://www.youtube.com/user/makeupgeektv,Fashion; Food & Living ,makeup; beauty products,EN,Worldwide,Q2
548,Mariah Carey VEVO,http://www.youtube.com/user/mariahcareyvevo,Music,vevo; soul; pop,EN,Worldwide,Q2
6308,Mark Crilley,http://www.youtube.com/user/markcrilley,Art & Design ,hobbies; drawing,EN,Worldwide,Q1
375,Markisaco Skateboarding,http://www.youtube.com/user/nkalexander7,Sports & Health ,action sports; skateboarding,EN,Worldwide,Q2
7599,Marvel2,http://www.youtube.com/user/marveluk,Cartoons & Animation ,hobbies; kids,EN,Worldwide,Q3
7218,Marvel,http://www.youtube.com/user/marvel,Cartoons & Animation ,movie trailers; kids,EN,Worldwide,Q3
6353,Mary Doodles,http://www.youtube.com/user/marydoodles,Art & Design ,drawing,EN,Worldwide,Q2
5648,Mashable,http://www.youtube.com/user/mashable,Tech & Apps ,consumer electronics; apps,EN,Worldwide,Q1
369,Massachusetts Institute of Technology,http://www.youtube.com/user/mit,Education & Lectures ,colleges,EN,Worldwide,Q3
5117,Maximo,http://www.youtube.com/user/maximotv,TV & Film,entertainment,EN,Worldwide,Q2
5157,Media Cows,http://www.youtube.com/user/themediacows,Gaming ,game commentaries; first person shooter; rpg,EN,Worldwide,Q2
6804,Meekakitty,http://www.youtube.com/user/meekakitty,People; Blogs & Shorts ,vlog; web shorts,EN,Worldwide,Q2
4216,MeganNicole,http://www.youtube.com/user/megannicolesite,Music,indie; song covers,EN,Worldwide,Q2
295,Mercedes-Benz TV,http://www.youtube.com/user/mercedesbenztv,Autos & Vehicles ,car make,EN,Worldwide,Q3
7505,MetaDesignAgency,http://www.youtube.com/user/meta,Art & Design ,,EN,Worldwide,Q3
3604,Met Museum,http://www.youtube.com/user/metmuseum,Art & Design ,museums; art,EN,Worldwide,Q2
5156,Michelle Branch,http://www.youtube.com/user/michellebranchtv,Music,pop,EN,Worldwide,Q3
237,MichellePhan,http://www.youtube.com/user/michellephan,Fashion; Food & Living ,makeup; beauty products; outfits; hairstyle,EN,Worldwide,Q1
3312,Mike Tompkins Music,http://www.youtube.com/user/pbpproductions,Music,indie; genius,EN,Worldwide,Q1
3644,Military Channel,http://www.youtube.com/user/militarychannel,Autos & Vehicles ,combat; aviation,EN,Worldwide,Q2
3719,Military News Network,http://www.youtube.com/user/militarynewsnetwork,Autos & Vehicles ,combat,EN,Worldwide,Q3
91,Military Videos,http://www.youtube.com/user/3rdid8487,News ,combat,EN,Worldwide,Q2
135,Mini,http://www.youtube.com/user/mini,Autos & Vehicles ,car make,EN,Worldwide,Q3
61,Ministry of Sound,http://www.youtube.com/user/datarecordsuk,Music,electro; music label,EN,Worldwide,Q2
7490,MinutePhysics,http://www.youtube.com/user/minutephysics,Education & Lectures ,lessons,EN,Worldwide,Q2
85,Mishka's Dog Vlog,http://www.youtube.com/user/gardea23,Animals & Pets ,dogs,EN,Worldwide,Q2
524,MLB,http://www.youtube.com/user/mlb,Sports & Health ,mlb; baseball,EN,Worldwide,Q1
7414,MMOChampion,http://www.youtube.com/user/mmochampionwow,Gaming ,game commentaries,EN,Worldwide,Q2
3645,MoMA,http://www.youtube.com/user/momavideos,Art & Design ,culture; museums,EN,Worldwide,Q2
3497,Mondo Media,http://www.youtube.com/user/mondomedia,Cartoons & Animation ,funny; kids,EN,Worldwide,Q2
3528,Monkey See Videos,http://www.youtube.com/user/monkeyseevideos,How-To ,general howtos; gardening; recipes,EN,Worldwide,Q1
6134,MonstercatMedia,http://www.youtube.com/user/monstercatmedia,Music,electro,EN,Worldwide,Q2
2870,Moto GP,http://www.youtube.com/user/motogp,Autos & Vehicles ,racing,EN,Worldwide,Q1
319,Motorcycle News,http://www.youtube.com/user/motorcyclenewsdotcom,Autos & Vehicles ,bike reviews,EN,Worldwide,Q2
87,Motorcycle USA,http://www.youtube.com/user/motousa,Autos & Vehicles ,motorcross; bike reviews,EN,Worldwide,Q2
28,Motors TV,http://www.youtube.com/user/motorstelevision,Autos & Vehicles ,racing,EN,Worldwide,Q1
1421,MotorTrend,http://www.youtube.com/user/motortrend,Autos & Vehicles ,car reviews,EN,Worldwide,Q1
6391,Moutain Bike Skills,http://www.youtube.com/user/mtbskillsau,Sports & Health ,mountain biking,EN,Worldwide,Q2
8089,MoutainBikingTips,http://www.youtube.com/user/mtbtips,Sports & Health ,mountain biking,EN,Worldwide,Q2
6445,MovieClips Mashups,http://www.youtube.com/user/movieclipsmashups,TV & Film,movie trailers; funny,EN,Worldwide,Q2
8239,MrFabioDiamante,http://www.youtube.com/user/mrfabiodiamante,Music,country,EN,Worldwide,Q3
8292,MTV,http://www.youtube.com/user/mtv,TV & Film,music news,EN,Worldwide,Q1
250,Musicians Institute,http://www.youtube.com/user/musiciansinstitute,Music,live performances; indie,EN,Worldwide,Q3
7291,MyGeekShow,http://www.youtube.com/user/mygeekshowdotcom,Tech & Apps ,aviation; hobbies,EN,Worldwide,Q3
4354,Mystery Guitar Name,http://www.youtube.com/user/mysteryguitarman,People; Blogs & Shorts ,web shorts; instrumentals; genius,EN,Worldwide,Q1
3755,My Yoga Online,http://www.youtube.com/user/myyogaonline,Sports & Health ,yoga; wellness,EN,Worldwide,Q2
3498,Nalts,http://www.youtube.com/user/nalts,People; Blogs & Shorts ,web shorts; vlog,EN,Worldwide,Q3
412,Namco Bandai Games Europe,http://www.youtube.com/user/namcobandaigameseu,Gaming ,game trailers; game commentaries,EN,Worldwide,Q1
3720,NASA TV,http://www.youtube.com/user/nasatelevision,Science ,astronomy; aviation,EN,Worldwide,Q2
3499,Natalia Muntean,http://www.youtube.com/user/nataliamuntean,Sports & Health ,workouts,EN,Worldwide,Q2
5203,NatGeoWild,http://www.youtube.com/user/natgeowild,Animals & Pets ,wild animals; tv shows,EN,Worldwide,Q1
3529,National Film Board of Canada,http://www.youtube.com/user/nfb,TV & Film,movie trailers; indie,EN,Worldwide,Q3
163,NationalGeographic,http://www.youtube.com/user/nationalgeographic,TV & Film,tv shows; wild animals,EN,Worldwide,Q1
7805,NBAClipz,http://www.youtube.com/user/nbaclipz,Sports & Health ,sports commentaries; nba; basketball,EN,Worldwide,Q2
145,NBAHighlights,http://www.youtube.com/user/nbahiighlights,Sports & Health ,basketball; nba,EN,Worldwide,Q2
298,NBA,http://www.youtube.com/user/nba,Sports & Health ,nba; basketball,EN,Worldwide,Q1
539,NBA Moments,http://www.youtube.com/user/thenbahistory,Sports & Health ,history; nba; basketball,EN,Worldwide,Q3
7124,NBA Orbit,http://www.youtube.com/user/nbaorbit,Sports & Health ,nba; basketball,EN,Worldwide,Q3
642,NBC,http://www.youtube.com/user/nbc,TV & Film,tv shows; nbc; tv trailers,EN,Worldwide,Q1
3605,NeiMindFreak,http://www.youtube.com/user/neimindfreak,How-To ,dancing; kpop,EN,Worldwide,Q2
3606,Nelly VEVO,http://www.youtube.com/user/nellyvevo,Music,vevo; hip hop; r&b; soul,EN,Worldwide,Q1
7461,Nerdist,http://www.youtube.com/user/nerdist,TV & Film,funny; tv shows,EN,Worldwide,Q2
3496,Netbooks and More!,http://www.youtube.com/user/minipcpro,Tech & Apps ,consumer electronics,EN,Worldwide,Q2
7564,NetworkA,http://www.youtube.com/user/networka,Sports & Health ,action sports,EN,Worldwide,Q1
3646,New Scientist,http://www.youtube.com/user/newscientistvideo,Science ,lessons,EN,Worldwide,Q2
7590,NewVideoDigital,http://www.youtube.com/user/newvideodigital,TV & Film,movie trailers,EN,Worldwide,Q1
465,New York Knicks,http://www.youtube.com/user/nyknicks,Sports & Health ,nba; basketball; ny knicks,EN,Worldwide,Q2
71,Next Gen Tactics,http://www.youtube.com/user/nextgentactics,Gaming ,game commentaries; first person shooter,EN,Worldwide,Q2
3811,NeYo VEVO,http://www.youtube.com/user/neyovevo,Music,vevo; hip hop,EN,Worldwide,Q2
7629,NiceKicks,http://www.youtube.com/user/nicekicks,Fashion; Food & Living ,basketball; sportswear,EN,Worldwide,Q2
3721,NicePeter,http://www.youtube.com/user/nicepeter,People; Blogs & Shorts ,vlog; live performances; web shorts,EN,Worldwide,Q2
7462,NickiMinajVEVO,http://www.youtube.com/user/nickiminajatvevo,Music,vevo; hip hop,EN,Worldwide,Q2
389,Nigahiga,http://www.youtube.com/user/nigahiga,People; Blogs & Shorts ,web shorts; funny; ytf,EN,Worldwide,Q1
8344,NikeBasketball,http://www.youtube.com/user/nikebasketball,Fashion; Food & Living ,basketball; sportswear,EN,Worldwide,Q3
43,Nike Soccer,http://www.youtube.com/user/nikesoccer,Fashion; Food & Living ,soccer; sportswear,EN,Worldwide,Q3
8351,NikkieTutorials,http://www.youtube.com/user/nikkietutorials,Fashion; Food & Living ,makeup; beauty products,EN,Worldwide,Q2
5286,Nintendo Capri Sun,http://www.youtube.com/user/nintendocaprisun,Gaming ,gaming commentaries,EN,Worldwide,Q2
7201,NMAtv,http://www.youtube.com/user/nmatv,TV & Film,entertainment; funny,EN,Worldwide,Q1
610,NMA World Edition,http://www.youtube.com/user/nmaworldedition,TV & Film,entertianment; funny,EN,Worldwide,Q1
3691,Nobel Prize,http://www.youtube.com/user/thenobelprize,Education & Lectures ,speeches,EN,Worldwide,Q3
122,Nokia,http://www.youtube.com/user/nokia,Tech & Apps ,consumer electronics; nokia,EN,Worldwide,Q3
7035,NTBS Tricking,http://www.youtube.com/user/towlie2110,Sports & Health ,tricking; action sports,EN,Worldwide,Q2
637,NTDTV,http://www.youtube.com/user/ntdtv,News ,world news,EN,Worldwide,Q1
7424,NylahKitty,http://www.youtube.com/user/nylahkitty,Animals & Pets ,cats,EN,Worldwide,Q3
6224,Oasis Official Band Channel,http://www.youtube.com/user/oasisinetofficial,Music,rock,EN,Worldwide,Q2
534,Official New Orleans Hornets Channel,http://www.youtube.com/user/nbahornets,Sports & Health ,nba; basketball; new orleans hornets,EN,Worldwide,Q3
1751,OMGFacts,http://www.youtube.com/user/omgfactsofficial,TV & Film,viral,EN,Worldwide,Q2
6843,OneDirectionChannel,http://www.youtube.com/user/onedirectionchannel,Music,pop,EN,Worldwide,Q1
88,One Girl's Thoughts on All Things Beauty,http://www.youtube.com/user/makeupbytiffanyd,Fashion; Food & Living ,makeup; beauty products,EN,Worldwide,Q2
3722,OneRepublic VEVO,http://www.youtube.com/user/onerepublicvevo,Music,vevo; pop; rock,EN,Worldwide,Q1
8017,OneWorldOneOcean,http://www.youtube.com/user/oneworldoneocean,Animals & Pets ,wild animals,EN,Worldwide,Q2
7078,OneyNG,http://www.youtube.com/user/oneyng,Cartoons & Animation ,kids; funny,EN,Worldwide,Q2
1747,Oscars ,http://www.youtube.com/user/oscars,TV & Film,award shows; live performances,EN,Worldwide,Q2
1580,Overlander,http://www.youtube.com/user/overlander,Fashion; Food & Living ,traveling,EN,Worldwide,Q2
3757,Passion,http://www.youtube.com/user/passionsf,Music,indie; song covers,EN,Worldwide,Q3
3500,Paul Hamilton CFI Pilot,http://www.youtube.com/user/pauldhamilton,Autos & Vehicles ,aviation,EN,Worldwide,Q2
7671,PeopleTV,http://www.youtube.com/user/people,Fashion; Food & Living ,magazine; entertainment,EN,Worldwide,Q1
362,Pepsi,http://www.youtube.com/user/pepsi,Fashion; Food & Living ,live performances; audition; beverage,EN,Worldwide,Q3
3647,Peter Chao,http://www.youtube.com/user/pyrobooby,Comedy,web shorts; funny,EN,Worldwide,Q2
7973,Petsami,http://www.youtube.com/user/petsami,Animals & Pets ,dogs; cats; wild animals,EN,Worldwide,Q3
6801,PewDiePie,http://www.youtube.com/user/pewdiepie,People; Blogs & Shorts ,web shorts,EN,Worldwide,Q2
5635,PGA TOUR,http://www.youtube.com/user/pgatour,Sports & Health ,golfing; pga,EN,Worldwide,Q2
515,Philadelphia 76ers,http://www.youtube.com/user/philadelphia76ers,Sports & Health ,nba; basketball; sixers,EN,Worldwide,Q2
2145,PhilipDeFranco (sxephil),http://www.youtube.com/user/sxephil,People; Blogs & Shorts ,vlog,EN,Worldwide,Q1
7448,PistolShrimps,http://www.youtube.com/user/pistolshrimps,Comedy,vlog; web shorts,EN,Worldwide,Q2
6791,PitbullVEVO,http://www.youtube.com/user/pitbullvevo,Music,vevo; hip hop,EN,Worldwide,Q2
7376,PitchforkTV,http://www.youtube.com/user/pitchforktv,Music,indie,EN,Worldwide,Q1
7765,PiximooMadness,http://www.youtube.com/user/pixiwoomadness,Fashion; Food & Living ,makeup,EN,Worldwide,Q2
8363,Playboy,http://www.youtube.com/user/playboy,TV & Film,girls; outfits; magazine,EN,Worldwide,Q1
1164,PlayStation,http://www.youtube.com/user/playstation,Gaming ,game trailers; consumer electronics,EN,Worldwide,Q3
3758,Pocketnow.com,http://www.youtube.com/user/pocketnowvideo,Tech & Apps ,consumer electronics; apps,EN,Worldwide,Q2
3730,Poetry Read by Tom O'Bedlam,http://www.youtube.com/user/spokenverse,Art & Design ,poetry,EN,Worldwide,Q2
8422,PopStopTV,http://www.youtube.com/user/popstoptv,TV & Film,entertainment,EN,Worldwide,Q2
8421,PopSugarTV,http://www.youtube.com/user/popsugartv,TV & Film,entertainment,EN,Worldwide,Q2
182,Porsche,http://www.youtube.com/user/porsche,Autos & Vehicles ,car make,EN,Worldwide,Q2
7255,PrankvsPrank,http://www.youtube.com/user/prankvsprank,Comedy,pranks; funny,EN,Worldwide,Q2
6939,PrometheusNews,http://www.youtube.com/user/prometheusnews,TV & Film,movie trailers,EN,Worldwide,Q3
571,Promise Tamang Phan Make-up Tutorials,http://www.youtube.com/user/dope2111,How-To ,makeup; hobbies; drawing,EN,Worldwide,Q1
3759,Pulitzer Center on Crisis Reporting,http://www.youtube.com/user/pulitzercenter,TV & Film,documentaries,EN,Worldwide,Q2
7715,QiasOmarProductions,http://www.youtube.com/user/qiasomar,People; Blogs & Shorts ,web shorts,EN,Worldwide,Q3
441,Queensland,http://www.youtube.com/user/queensland,Fashion; Food & Living ,traveling,EN,Worldwide,Q3
3648,Quest Crew   ,http://www.youtube.com/user/questdancecrew,Music,dancing; tricking,EN,Worldwide,Q2
7417,RachhLoves,http://www.youtube.com/user/rachhloves,Fashion; Food & Living ,makeup; beauty products; outfits; hairstyle,EN,Worldwide,Q2
7535,RaduC,http://www.youtube.com/user/radux5,Music,electro,EN,Worldwide,Q2
131,RamenNoodleDiary,http://www.youtube.com/user/tontantin,Fashion; Food & Living ,hobbies; vlog,EN,Worldwide,Q1
7185,Randall'sWildAnimals,http://www.youtube.com/user/czg123,Animals & Pets ,wild animals,EN,Worldwide,Q3
404,RayWilliamJohnson,http://www.youtube.com/user/raywilliamjohnson,People; Blogs & Shorts ,vlog; web shorts,EN,Worldwide,Q1
6794,RecklessTortuga,http://www.youtube.com/user/recklesstortuga,Comedy,web shorts; funny,EN,Worldwide,Q2
374,RedBull,http://www.youtube.com/user/redbull,Sports & Health ,action sports; beverage,EN,Worldwide,Q2
3685,Reelz,http://www.youtube.com/user/reelzchannel,TV & Film,movie reviews; movie trailers,EN,Worldwide,Q2
4537,Remi Gaillard,http://www.youtube.com/user/nqtv,People; Blogs & Shorts ,web shorts; vlog,EN,Worldwide,Q2
643,Reuters,http://www.youtube.com/user/reutersvideo,News ,world news,EN,Worldwide,Q1
6916,ReutersTV,http://www.youtube.com/user/reuterstv,News ,world news; financial news,EN,Worldwide,Q1
105,Revision3,http://www.youtube.com/user/revision3,TV & Film,vlog; web shorts; pranks; funny,EN,Worldwide,Q1
318,RevZilla TV,http://www.youtube.com/user/revzillatv,Fashion; Food & Living ,sportswear; bike reviews,EN,Worldwide,Q2
6802,Rhett and Link,http://www.youtube.com/user/rhettandlink,Music,web shorts; funny,EN,Worldwide,Q2
5227,Rhino Entertainment,http://www.youtube.com/user/rhinoentertainment,Music,rock,EN,Worldwide,Q2
196,Richard Dawkins,http://www.youtube.com/user/richarddawkinsdotnet,Education & Lectures ,speeches,EN,Worldwide,Q2
3532,RihannaVEVO,http://www.youtube.com/user/rihannavevo,Music,vevo; r&b; soul; hip hop,EN,Worldwide,Q1
5228,R.Kelly VEVO,http://www.youtube.com/user/rkellyvevo,Music,vevo; hip hop; r&b,EN,Worldwide,Q2
3725,Road & Track,http://www.youtube.com/user/roadandtrack,Autos & Vehicles ,car reviews,EN,Worldwide,Q2
8557,RomanAtwoodsSketchEmpire,http://www.youtube.com/user/romanatwood,Comedy,pranks; funny; viral; vlog,EN,Worldwide,Q2
3813,RoosterTeeth,http://www.youtube.com/user/roosterteeth,Gaming ,game commentaries; first person shooter; funny,EN,Worldwide,Q2
1370,RovioMobile,http://www.youtube.com/user/roviomobile,Gaming ,apps,EN,Worldwide,Q3
3814,Rubik's Cube & Sport Stacking,http://www.youtube.com/user/rubikclub,Sports & Health ,hobbies,EN,Worldwide,Q3
641,RussiaToday,http://www.youtube.com/user/russiatoday,News ,world news,EN,Worldwide,Q2
513,Sacramento Kings,http://www.youtube.com/user/kingsflix,Sports & Health ,nba; basketball; sacramento kings,EN,Worldwide,Q2
3649,Sadie Nardini,http://www.youtube.com/user/sadienardini,Sports & Health ,wellness; diet; yoga,EN,Worldwide,Q3
6942,SamMacaroni,http://www.youtube.com/user/sammacaroni,People; Blogs & Shorts ,web shorts; combat; girls,EN,Worldwide,Q1
62,Scantraxx Recordz Official,http://www.youtube.com/user/scantraxxrecordz,Music,electro; music label,EN,Worldwide,Q2
7624,Sccastaneda,http://www.youtube.com/user/sccastaneda,Fashion; Food & Living ,outfits; makeup; beauty products,EN,Worldwide,Q2
6694,Schmoyoho,http://www.youtube.com/user/schmoyoho,People; Blogs & Shorts ,web shorts; funny,EN,Worldwide,Q3
3727,Science Channel,http://www.youtube.com/user/sciencechannel,Science ,documentaries,EN,Worldwide,Q2
3608,Scott Herman Fitness,http://www.youtube.com/user/scotthermanfitness,Sports & Health ,workouts; diet,EN,Worldwide,Q2
3729,Scott's Miracle-Gro Almanac,http://www.youtube.com/user/smgalmanac,Fashion; Food & Living ,gardening,EN,Worldwide,Q2
3609,Sea Nanners,http://www.youtube.com/user/seananners,Gaming ,game commentaries; funny,EN,Worldwide,Q2
189,SecondsOut.com,http://www.youtube.com/user/secondsout,Sports & Health ,combat; boxing,EN,Worldwide,Q2
5265,SelenaGomez,http://www.youtube.com/user/selgomez,Music,pop,EN,Worldwide,Q2
3610,Selena Gomez VEVO,http://www.youtube.com/user/selenagomezvevo,Music,vevo; pop,EN,Worldwide,Q1
77,Seoul City,http://www.youtube.com/user/seouldreamseries,Fashion; Food & Living ,traveling,EN,Worldwide,Q3
5059,SesameStreet,http://www.youtube.com/user/sesamestreet,Cartoons & Animation ,kids,EN,Worldwide,Q1
3760,Shane Dawson TV 2,http://www.youtube.com/user/shanedawsontv2,People; Blogs & Shorts ,vlog; web shorts,EN,Worldwide,Q1
3611,ShaneDawsonTV,http://www.youtube.com/user/shanedawsontv,People; Blogs & Shorts ,vlog; web shorts,EN,Worldwide,Q1
6703,shane's Channel,http://www.youtube.com/user/shane,People; Blogs & Shorts ,vlog; web shorts,EN,Worldwide,Q1
3650,Shay Carl,http://www.youtube.com/user/shaycarl,People; Blogs & Shorts ,web shorts,EN,Worldwide,Q2
3985,Shaytards,http://www.youtube.com/user/shaytards,People; Blogs & Shorts ,web shorts,EN,Worldwide,Q2
3502,Shimmycocopuffsss,http://www.youtube.com/user/shimmycocopuffsss,People; Blogs & Shorts ,vlog,EN,Worldwide,Q2
271,Show Girl 實錄,http://www.youtube.com/user/ikkiknoles,People; Blogs & Shorts ,live performances; girls,ZH,Worldwide,Q1
1499,ShowMeTheCurry,http://www.youtube.com/user/showmethecurry,How-To ,recipes; bollywood,EN,Worldwide,Q2
3687,Simon and Martina,http://www.youtube.com/user/simonandmartina,Music,kpop,EN,Worldwide,Q2
3534,SimonsCat,http://www.youtube.com/user/simonscat,Cartoons & Animation ,kids; funny,EN,Worldwide,Q2
3728,SimplePickup,http://www.youtube.com/user/simplepickup,People; Blogs & Shorts ,funny; viral,EN,Worldwide,Q2
120,Singer ortoPilot,http://www.youtube.com/user/ortopilot,Music,live performances; indie; song covers,EN,Worldwide,Q2
3688,SixpackShortcuts,http://www.youtube.com/user/sixpackshortcuts,Sports & Health ,workouts,EN,Worldwide,Q2
6787,Skrillex,http://www.youtube.com/user/theofficialskrillex,Music,electro; hip hop,EN,Worldwide,Q1
3651,Slate,http://www.youtube.com/user/slatester,News ,magazine,EN,Worldwide,Q2
4720,Smosh,http://www.youtube.com/user/smosh,People; Blogs & Shorts ,web shorts; vlog,EN,Worldwide,Q1
1741,SM Town,http://www.youtube.com/user/smtown,Music,kpop,Others,Worldwide,Q1
8388,SoccerEssentials,http://www.youtube.com/user/thesocceressentials,How-To ,soccer,EN,Worldwide,Q2
255,Sony Electronics,http://www.youtube.com/user/sonyelectronics,Tech & Apps ,cameras; consumer electronics,EN,Worldwide,Q2
7387,SortedFood,http://www.youtube.com/user/sortedfood,How-To ,recipes; funny,EN,Worldwide,Q2
3535,Soundly Awake,http://www.youtube.com/user/soundlyawake,Comedy,vlog; funny; web shorts,EN,Worldwide,Q2
6998,SourceFed,http://www.youtube.com/user/sourcefed,People; Blogs & Shorts ,web shorts; vlog; entertainment,EN,Worldwide,Q1
8340,Space.com,http://www.youtube.com/user/videofromspace,TV & Film,astronomy; aviation; tv shows,EN,Worldwide,Q1
8350,SpacesTV,http://www.youtube.com/user/spacestv,How-To ,homes,EN,Worldwide,Q2
3655,Sparta and Loki,http://www.youtube.com/user/themeankitty,Animals & Pets ,vlog; cats,EN,Worldwide,Q2
3761,Spencer Hughes Flight,http://www.youtube.com/user/spencerhughes2255,Autos & Vehicles ,combat; aviation,EN,Worldwide,Q2
3817,Spill,http://www.youtube.com/user/spillcom,Cartoons & Animation ,movie reviews,EN,Worldwide,Q2
8425,SplashNewsTV,http://www.youtube.com/user/splashnews,TV & Film,entertainmen,EN,Worldwide,Q1
3652,Stand Firm,http://www.youtube.com/user/standfirm,Sports & Health ,workouts,EN,Worldwide,Q3
92,Stanford Graduate School of Business,http://www.youtube.com/user/stanfordbusiness,Education & Lectures ,colleges,EN,Worldwide,Q2
324,Stanford University,http://www.youtube.com/user/stanforduniversity,Education & Lectures ,colleges,EN,Worldwide,Q2
259,StarCraft 2 Broadcasting,http://www.youtube.com/user/hdstarcraft,Gaming ,game commentaries; strategy games,EN,Worldwide,Q2
7408,START from IGN,http://www.youtube.com/user/start,Gaming ,game reviews; game trailers; game commentaries,EN,Worldwide,Q1
7766,Stepultura,http://www.youtube.com/user/stepultura,Gaming ,game commentaries,EN,Worldwide,Q3
6170,Steve Aoki,http://www.youtube.com/user/steveaoki,Music,electro,EN,Worldwide,Q1
7500,StilaBabe09,http://www.youtube.com/user/stilababe09,Fashion; Food & Living ,beauty products; outfits,EN,Worldwide,Q2
7716,StillGlamorus,http://www.youtube.com/user/stillglamorus,Fashion; Food & Living ,makeup; beauty products,EN,Worldwide,Q2
3653,Stones Throw Records,http://www.youtube.com/user/stonesthrow,Music,music label; soul; r&b,EN,Worldwide,Q2
3689,Style.com,http://www.youtube.com/user/style,Fashion; Food & Living ,magazine; high fashion; outfits; entertainment,EN,Worldwide,Q1
7390,StyleSuzi,http://www.youtube.com/user/stylesuzi,Fashion; Food & Living ,hairstyle; beauty products; outfits,EN,Worldwide,Q2
6009,Sunburn Festival,http://www.youtube.com/user/sunburnfestival,Music,electro,EN,Worldwide,Q2
3537,Sundance,http://www.youtube.com/user/sundancechannel,TV & Film,indie; movie reviews,EN,Worldwide,Q2
7366,SweetFurr,http://www.youtube.com/user/sweetfurx4,Animals & Pets ,cats,EN,Worldwide,Q3
3527,Talking Animals,http://www.youtube.com/user/klaatu42,Animals & Pets ,cats; dogs,EN,Worldwide,Q3
6260,TaylorSwiftVEVO,http://www.youtube.com/user/taylorswiftvevo,Music,vevo; country,EN,Worldwide,Q2
7499,TBSEurope,http://www.youtube.com/user/turnerbenelux,TV & Film,tv trailers; tbs,EN,Worldwide,Q2
5118,Team Silverback,http://www.youtube.com/user/ssohpkc,Gaming ,game commentaries,EN,Worldwide,Q2
565,Tech Made Easy,http://www.youtube.com/user/larrygreenberg,Tech & Apps ,consumer electronics,EN,Worldwide,Q2
172,TechnoBuffalo,http://www.youtube.com/user/jon4lakers,Tech & Apps ,tech reviews; consumer electronics; apps,EN,Worldwide,Q1
447,TECMO KOEI Europe LTD.,http://www.youtube.com/user/mykoeitv,Gaming ,game trailers,EN,Worldwide,Q3
6795,TEDEducation,http://www.youtube.com/user/tededucation,Education & Lectures ,lessons,EN,Worldwide,Q2
258,TEDTalks,http://www.youtube.com/user/tedtalksdirector,Education & Lectures ,lessons; speeches,EN,Worldwide,Q1
3503,TEDx Talks,http://www.youtube.com/user/tedxtalks,Education & Lectures ,lessons; speeches,EN,Worldwide,Q1
7259,Teen.com,http://www.youtube.com/user/teencom,TV & Film,entertainment,EN,Worldwide,Q2
7257,TelegraphTV,http://www.youtube.com/user/telegraphtv,News ,world news,EN,Worldwide,Q1
232,Tennis Australia,http://www.youtube.com/user/tennisaustralia,Sports & Health ,tennis,EN,Worldwide,Q3
3701,Tennis TV,http://www.youtube.com/user/atp,Sports & Health ,tennis,EN,Worldwide,Q2
7400,TessChristine,http://www.youtube.com/user/tesschristine123,Fashion; Food & Living ,outfits; beauty products,EN,Worldwide,Q2
7258,TheAllAmericanRejectsVEVO,http://www.youtube.com/user/allamericanrjctsvevo,Music,vevo; rock,EN,Worldwide,Q2
654,TheAnnoyingOrange,http://www.youtube.com/user/realannoyingorange,People; Blogs & Shorts ,web shorts; funny; viral,EN,Worldwide,Q1
363,The Art of Travel by Louis Vuitton,http://www.youtube.com/user/louisvuitton,Fashion; Food & Living ,traveling; high fashion,EN,Worldwide,Q2
7362,TheAVClub,http://www.youtube.com/user/theavclub,Music,indie; live performances,EN,Worldwide,Q2
173,The Best iPhone and iPod Touch Help,http://www.youtube.com/user/tysiphonehelp,Tech & Apps ,tech reviews; consumer electronics; apps,EN,Worldwide,Q2
3613,TheChengMan,http://www.youtube.com/user/thechengman,People; Blogs & Shorts ,web shorts; vlog; pranks,EN,Worldwide,Q2
20,The Colorful Taiwan,http://www.youtube.com/user/gionettaiwan,Fashion; Food & Living ,traveling,EN,Worldwide,Q2
6790,TheComputerNerd01,http://www.youtube.com/user/thecomputernerd01,People; Blogs & Shorts ,web shorts; funny,EN,Worldwide,Q3
1029,TheEllenDeGeneresShow,http://www.youtube.com/user/theellenshow,TV & Film,funny; tv shows,EN,Worldwide,Q1
7375,TheEscapist,http://www.youtube.com/user/theescapistmagazine,Gaming ,game commentaries; game trailers,EN,Worldwide,Q2
1753,TheFineBros,http://www.youtube.com/user/thefinebros,People; Blogs & Shorts ,web shorts; funny; viral,EN,Worldwide,Q1
7969,TheGadgetShow,http://www.youtube.com/user/thegadgetshow,Tech & Apps ,consumer electronics,EN,Worldwide,Q2
6764,TheGameVEVO,http://www.youtube.com/user/thegamevevo,Music,vevo; hip hop,EN,Worldwide,Q2
6549,The Guardian,http://www.youtube.com/user/theguardian,TV & Film,culture; tv shows,EN,Worldwide,Q1
322,The Hobby Box!,http://www.youtube.com/user/chri5784,People; Blogs & Shorts ,hobbies; vlog,EN,Worldwide,Q2
6962,TheHungerGamesMovie,http://www.youtube.com/user/thehungergamesmovie,TV & Film,movie reviews; movie trailers,EN,Worldwide,Q3
749,The Live Quest,http://www.youtube.com/user/thelivequest,Music,live performances; indie,EN,Worldwide,Q2
2024,The Lonely Island,http://www.youtube.com/user/thelonelyisland,People; Blogs & Shorts ,web shorts,EN,Worldwide,Q2
7474,TheMakeupChair,http://www.youtube.com/user/themakeupchair,Fashion; Food & Living ,outfits; entertainment,EN,Worldwide,Q2
521,The Minnesota Timberwolves,http://www.youtube.com/user/mnwolves,Sports & Health ,nba; basketball; minnesota timberwolves,EN,Worldwide,Q2
6023,the NBA on ESPN,http://www.youtube.com/user/thenbaonespn,Sports & Health ,nba; basketball,EN,Worldwide,Q2
3684,The New Yorker,http://www.youtube.com/user/newyorkerdotcom,Fashion; Food & Living ,magazine,EN,Worldwide,Q3
574,The New York Times,http://www.youtube.com/user/thenewyorktimes,Fashion; Food & Living ,us news; high fashion,EN,Worldwide,Q2
470,The Official Channel of the San Antonio Spurs,http://www.youtube.com/user/saspursvideos,Sports & Health ,basketball; nba; san antonio spurs,EN,Worldwide,Q2
192,TheOfficialJordanChannel,http://www.youtube.com/user/jumpman23,Sports & Health ,basketball,EN,Worldwide,Q3
7299,TheOfficialNASCAR,http://www.youtube.com/user/theofficialnascar,Autos & Vehicles ,racing,EN,Worldwide,Q2
457,The Official Utah Jazz You Tube Channel,http://www.youtube.com/user/officialutahjazz,Sports & Health ,basketball; nba; utah jazz,EN,Worldwide,Q2
484,The Official YouTube Channel of Nets Basketball,http://www.youtube.com/user/nbanets,Sports & Health ,basketball; nba; nets,EN,Worldwide,Q2
3818,The Onion / 新聞,http://www.youtube.com/user/theonion,Comedy,funny; pranks,EN,Worldwide,Q2
4868,The Open University,http://www.youtube.com/user/oulearn,Education & Lectures ,colleges; lessons,EN,Worldwide,Q2
339,The Real News Network,http://www.youtube.com/user/therealnews,News ,world news,EN,Worldwide,Q2
7372,TheSaturdaysVEVO,http://www.youtube.com/user/thesaturdaysvevo,Music,vevo; pop,EN,Worldwide,Q2
7243,TheSlowMoGuys,http://www.youtube.com/user/theslowmoguys,People; Blogs & Shorts ,funny; viral,EN,Worldwide,Q2
5229,The Syndicated Project,http://www.youtube.com/user/thesyndicateproject,Gaming ,game reviews; game commentaries,EN,Worldwide,Q2
7211,TheVerge,http://www.youtube.com/user/theverge,Tech & Apps ,consumer electronics; cameras,EN,Worldwide,Q2
6530,The Wall Street Journal,http://www.youtube.com/user/wsjdigitalnetwork,News ,political news; financial news; world news,EN,Worldwide,Q1
3692,The X Factor,http://www.youtube.com/user/thexfactorusa,Music,audition; live performances,EN,Worldwide,Q1
5306,The X Factor UK,http://www.youtube.com/user/thexfactoruk,Music,audition; live performances,EN,Worldwide,Q1
7294,ThinkGeek,http://www.youtube.com/user/thinkgeek,Tech & Apps ,consumer electronics,EN,Worldwide,Q2
3657,Thirteen WNET,http://www.youtube.com/user/thirteenwnet,TV & Film,tv shows; pbs,EN,Worldwide,Q2
7487,ThousandPoundsAction,http://www.youtube.com/user/rivenx3i,People; Blogs & Shorts ,web shorts,EN,Worldwide,Q2
40,Thrasher Magazine,http://www.youtube.com/user/thrashermagazine,Sports & Health ,action sports; skateboarding,EN,Worldwide,Q2
208,Tiesto Official,http://www.youtube.com/user/officialtiesto,Music,electro,EN,Worldwide,Q2
6798,T.I.,http://www.youtube.com/user/tivstip,Music,hip hop,EN,Worldwide,Q2
6758,TimbalandVEVO,http://www.youtube.com/user/timbalandvevo,Music,vevo; hip hop,EN,Worldwide,Q2
3538,Timonthy Dela Geto,http://www.youtube.com/user/timothydelaghetto2,People; Blogs & Shorts ,vlog; web shorts,EN,Worldwide,Q2
280,Tim's Car Channel,http://www.youtube.com/user/shmee150,Autos & Vehicles ,car reviews,EN,Worldwide,Q2
7008,TipsyBartender,http://www.youtube.com/user/tipsybartender,How-To ,beverage; recipes,EN,Worldwide,Q2
217,TLC,http://www.youtube.com/user/tlc,TV & Film,tv shows,EN,Worldwide,Q1
418,TMZ,http://www.youtube.com/user/tmz,TV & Film,entertainment; gossip; funny,EN,Worldwide,Q1
5307,Tobuscus,http://www.youtube.com/user/tobuscus,People; Blogs & Shorts ,game commentaries; vlog,EN,Worldwide,Q1
4978,Toby Games,http://www.youtube.com/user/tobygames,Gaming ,game commentaries,EN,Worldwide,Q1
294,Top Gear,http://www.youtube.com/user/topgear,Autos & Vehicles ,car reviews; car news,EN,Worldwide,Q2
7062,TotalBiscuit,http://www.youtube.com/user/totalhalibut,Gaming ,game commentaries,EN,Worldwide,Q2
6796,TotallySketch,http://www.youtube.com/user/totallysketch,People; Blogs & Shorts ,web shorts,EN,Worldwide,Q2
7628,TouchGamplay,http://www.youtube.com/user/touchgameplay,Gaming ,apps,EN,Worldwide,Q2
7170,ToughMudder,http://www.youtube.com/user/toughmudder,Sports & Health ,workouts,EN,Worldwide,Q2
269,Tourism Victoria,http://www.youtube.com/user/visitvictoria,Fashion; Food & Living ,traveling,EN,Worldwide,Q3
8237,TravdanVideo,http://www.youtube.com/user/travdanvideos,Fashion; Food & Living ,dancing; traveling,EN,Worldwide,Q3
1617,Travel Channel,http://www.youtube.com/user/travelchanneltv,TV & Film,traveling; tv shows,EN,Worldwide,Q1
3763,travel Film Archive,http://www.youtube.com/user/travelfilmarchive,Fashion; Food & Living ,traveling; culture,EN,Worldwide,Q3
3733,Travel Video,http://www.youtube.com/user/travelvideo,Fashion; Food & Living ,traveling,EN,Worldwide,Q3
3693,Trend Hunter,http://www.youtube.com/user/trendhuntertv,Fashion; Food & Living ,,EN,Worldwide,Q3
6807,TriEvents,http://www.youtube.com/user/trievents,Sports & Health ,triathlon,EN,Worldwide,Q2
3673,Turbulence Training,http://www.youtube.com/user/cbathletics,Sports & Health ,workouts; wellness,EN,Worldwide,Q3
3461,TVHS,http://www.youtube.com/user/tvhs109,TV & Film,tv shows; local news,ZH,Worldwide,Q2
1315,TWiTNetcastNetwork,http://www.youtube.com/user/twit,Tech & Apps ,podcasts; tech reviews,EN,Worldwide,Q2
6721,TygaTygaTV,http://www.youtube.com/user/tygatygatv,Music,hip hop,EN,Worldwide,Q2
1992,TylerWardMusic,http://www.youtube.com/user/tylerwardmusic,Music,song covers; indie,EN,Worldwide,Q1
372,UC Berkeley Events,http://www.youtube.com/user/ucberkeleyevents,Education & Lectures ,colleges,EN,Worldwide,Q2
34,UC Berkeley,http://www.youtube.com/user/ucberkeley,Education & Lectures ,colleges,EN,Worldwide,Q2
371,UCLA,http://www.youtube.com/user/ucla,Education & Lectures ,colleges,EN,Worldwide,Q2
6687,UKF Dubstep,http://www.youtube.com/user/ukfdubstep,Music,electro,EN,Worldwide,Q2
209,UltraRecords,http://www.youtube.com/user/ultrarecords,Music,electro,EN,Worldwide,Q3
5927,UnidiscMusic,http://www.youtube.com/user/unidiscmusic,Music,rock; pop; electro,EN,Worldwide,Q3
370,University of California Television,http://www.youtube.com/user/uctelevision,Education & Lectures ,colleges,EN,Worldwide,Q2
6432,Coles,http://www.youtube.com/user/colessupermarkets,How-To ,recipes,EN,Worldwide,Q2
6419,KTSF Channel 26,http://www.youtube.com/user/ktsfproduction,TV & Film,tv shows,ZH,Worldwide,Q2
7702,UrbanOG,http://www.youtube.com/user/urbanogcom,Fashion; Food & Living ,outfits; beauty products,EN,Worldwide,Q2
3615,Vah Chef,http://www.youtube.com/user/vahchef,How-To ,recipes,EN,Worldwide,Q2
6709,VenetianPrincess,http://www.youtube.com/user/venetianprincess,Music,song covers; indie,EN,Worldwide,Q3
625,vevo,http://www.youtube.com/user/vevo,Music,music news; vevo,EN,Worldwide,Q1
361,Victoria's Secret,http://www.youtube.com/user/victoriassecret,Fashion; Food & Living ,beauty products; outfits; girls,EN,Worldwide,Q2
3822,Victor Kim,http://www.youtube.com/user/victorvictorkim,Music,ytf; song covers; indie,EN,Worldwide,Q2
3735,Video Fashion,http://www.youtube.com/user/videofashion,Fashion; Food & Living ,high fashion,EN,Worldwide,Q2
3660,Vince Del Monte,http://www.youtube.com/user/vincedelmonte,Sports & Health ,workouts,EN,Worldwide,Q2
8240,ViperRoomTV,http://www.youtube.com/user/viperroomtv,Music,rock; live performances,EN,Worldwide,Q3
3661,VISO Cinema,http://www.youtube.com/user/visocinema,TV & Film,full movies,EN,Worldwide,Q1
355,VISO Games,http://www.youtube.com/user/games,Gaming ,game reviews; game commentaries; game trailers,EN,Worldwide,Q2
8464,VlogBrothers,http://www.youtube.com/user/vlogbrothers,People; Blogs & Shorts ,vlog,EN,Worldwide,Q1
179,VOGUE.TV,http://www.youtube.com/user/voguetv,Fashion; Food & Living ,magazine; high fashion; outfits; entertainment,EN,Worldwide,Q2
82,Volkswagen ,http://www.youtube.com/user/myvolkswagen,Autos & Vehicles ,car make,EN,Worldwide,Q3
3695,vsauce,http://www.youtube.com/user/vsauce,People; Blogs & Shorts ,web shorts; lessons; vlog,EN,Worldwide,Q1
6729,Waka Flocka,http://www.youtube.com/user/wakaflocka1017,Music,hip hop,EN,Worldwide,Q2
6886,WalkofftheEarth,http://www.youtube.com/user/walkofftheearth,Music,indie; rock,EN,Worldwide,Q2
4209,WarnerBrosPictures,http://www.youtube.com/user/warnerbrospictures,TV & Film,movie trailers; tv trailers,EN,Worldwide,Q1
6577,WashingtonPost,http://www.youtube.com/user/washingtonpost,News ,political news,EN,Worldwide,Q2
7275,WaysideCreations,http://www.youtube.com/user/waysidecreations,People; Blogs & Shorts ,web shorts; vlog,EN,Worldwide,Q1
8392,WeepingProphetProductions,http://www.youtube.com/user/weepingprophet,People; Blogs & Shorts ,vlog; web shorts,EN,Worldwide,Q3
139,We're for Dogs,http://www.youtube.com/user/wearefordogs,Animals & Pets ,dogs,EN,Worldwide,Q2
268,WestJet Vacation,http://www.youtube.com/user/westjet,Fashion; Food & Living ,traveling; aviation,EN,Worldwide,Q3
7311,Weylie,http://www.youtube.com/user/ilikeweylie,Fashion; Food & Living ,outfits; beauty products; makeup; hairstyle,EN,Worldwide,Q2
6696,What The Buck?!,http://www.youtube.com/user/whatthebuckshow,TV & Film,entertainment; gossip,EN,Worldwide,Q2
6673,WhiteBoy7thst,http://www.youtube.com/user/whiteboy7thst,Gaming ,game commentaries; game trailers,EN,Worldwide,Q2
7591,WIDSIX,http://www.youtube.com/user/widsix,Sports & Health ,action sports,EN,Worldwide,Q2
171,Windows,http://www.youtube.com/user/windowsvideos,Tech & Apps ,consumer electronics,EN,Worldwide,Q3
6823,WizKhalifa,http://www.youtube.com/user/taylorgangent,Music,hip hop,EN,Worldwide,Q2
2757,Wondergirls,http://www.youtube.com/user/wondergirls,Music,kpop,Others,Worldwide,Q2
107,WongFuProductions,http://www.youtube.com/user/wongfuproductions,People; Blogs & Shorts ,web shorts; vlog,EN,Worldwide,Q1
3824,World Economic Forum,http://www.youtube.com/user/worldeconomicforum,Education & Lectures ,lessons; speeches,EN,Worldwide,Q2
39,WRC,http://www.youtube.com/user/wrc,Autos & Vehicles ,racing,EN,Worldwide,Q2
262,XBOX,http://www.youtube.com/user/xbox,Gaming ,game trailers; game commentaries,EN,Worldwide,Q2
570,Xteeener Makeup Artist,http://www.youtube.com/user/xteeener,How-To ,makeup; beauty products; hairstyle,EN,Worldwide,Q2
41,XtremeVideo,http://www.youtube.com/user/xtremevideo,Sports & Health ,action sports,EN,Worldwide,Q1
3736,Yad Vasham (Holocaust),http://www.youtube.com/user/yadvashem,Education & Lectures ,history; speeches; culture,EN,Worldwide,Q2
3737,YAKfilms,http://www.youtube.com/user/yakfilms,People; Blogs & Shorts ,web shorts; tricking; dancing,EN,Worldwide,Q2
2514,Yale University Courses,http://www.youtube.com/user/yalecourses,Education & Lectures ,colleges; lessons,EN,Worldwide,Q2
284,Yale University,http://www.youtube.com/user/yaleuniversity,Education & Lectures ,colleges,EN,Worldwide,Q2
7324,Yellowsaffron,http://www.youtube.com/user/yellowsaffron,How-To ,recipes,EN,Worldwide,Q2
286,YES Network,http://www.youtube.com/user/yesnetwork,Sports & Health ,baseball; mlb,EN,Worldwide,Q2
1575,YGEntertainment,http://www.youtube.com/user/ygentertainment,Music,kpop,EN,Worldwide,Q2
3786,YOGSCast,http://www.youtube.com/user/bluexephos,Gaming ,game commentaries; funny,EN,Worldwide,Q2
7570,YoungHollywoodNetwork,http://www.youtube.com/user/younghollywood,TV & Film,entertainment,EN,Worldwide,Q2
6702,Your Favorite Martian,http://www.youtube.com/user/yourfavoritemartian,Cartoons & Animation ,song covers; indie,EN,Worldwide,Q2
7402,Zoella,http://www.youtube.com/user/zoella280390,Fashion; Food & Living ,outfits; beauty products; makeup; hairstyle,EN,Worldwide,Q2
6950,ZuzkaLight,http://www.youtube.com/user/zuzkalight,Sports & Health ,workouts; wellness; girls,EN,Worldwide,Q2
,Relaxing music,http://www.youtube.com/user/relaxdaily,Music,relaxdaily,EN,Worldwide,Q1
,Cafeberdar,http://www.youtube.com/user/Cafeberdar?feature=watch,Music,Nature,EN,Worldwide,Q1
,Earth Spirit ,http://www.youtube.com/user/EuphoricWaters,Music,Ambient,EN,Worldwide,Q1
,MysteryVoyage, http://www.youtube.com/user/MysteryVoyage,Music,Ambient,EN,Worldwide,Q2
,CHOOSE LOVE,http://www.youtube.com/user/Echinacea53,Music,Lounge ,EN,Worldwide,Q1
,Witty Dud,http://www.youtube.com/user/wittydud,Music,Lounge ,EN,Worldwide,Q1
,Lounge music,http://www.youtube.com/user/loungemixshow,Music,Lounge ,EN,Worldwide,Q1
,Concert Video ,http://www.youtube.com/user/JoeHisaishi2008?feature=watch,Music,古典,EN,Worldwide,Q1
,Warner Classics,http://www.youtube.com/user/WarnerClassicsJazz,Music,Live performances,EN,Worldwide,Q2
,AFFABRE Singers,http://www.youtube.com/user/affabresingers,Music,古典,EN,Worldwide,Q3
,Andrea Bocelli,http://www.youtube.com/user/andreabocelli?feature=watch,Music,TANGO; Pop Classical,EN,Worldwide,Q2
,The Piano Guys , http://www.youtube.com/user/ThePianoGuys,Music,TANGO; Pop Classical,EN,Worldwide,Q3
,Peter Hollens, http://www.youtube.com/user/peterhollens,Music,TANGO; Pop Classical,EN,Worldwide,Q2
,Lindsey Stirling, http://www.youtube.com/user/lindseystomp,Music,TANGO; Pop Classical,EN,Worldwide,Q2
,2 Cellos,http://www.youtube.com/user/2CellosVEVO,Music,TANGO; Pop Classical,EN,Worldwide,Q2
,Mozart Group,http://www.youtube.com/user/TheMozARTGROUP,Music,TANGO; Pop Classical,EN,Worldwide,Q2
,Charlie Siem,http://www.youtube.com/user/CharlieSiemVideos,Music,TANGO; Pop Classical,EN,Worldwide,Q3
,quattrocelli·, http://www.youtube.com/user/quattrocelli,Music,TANGO; Pop Classical,EN,Worldwide,Q3
,David Garrett,http://www.youtube.com/user/DavidGarrettVEVO,Music,TANGO; Pop Classical,EN,Worldwide,Q1
,TheUtubeJazz,http://www.youtube.com/user/TheUtubejazz?feature=watch,Music,Jazz,EN,Worldwide,Q1
,Warner Jazz,http://www.youtube.com/user/WarnerJazzVideos,Music,Jazz,EN,Worldwide,Q2
,Georg Breinschmid ,http://www.youtube.com/user/geobrein,Music,Jazz,EN,Worldwide,Q2
,LOEN,http://www.youtube.com/user/LOENENT,Music,Kpop,others,Worldwide,Q1
,StarShip Entertainment ,http://www.youtube.com/user/starshipTV,Music,Kpop,others,Worldwide,Q1
,Pledis entertainment,http://www.youtube.com/user/pledisartist,Music,Kpop,others,Worldwide,Q1
,Coremidas,http://www.youtube.com/user/coremidas,Music,Kpop,others,Worldwide,Q1
,Big HIT , http://www.youtube.com/user/ibighit,Music,Kpop,others,Worldwide,Q2
,Sony Music Korea, http://www.youtube.com/user/SonyMusicKorea,Music,Kpop,others,Worldwide,Q2
,WOOLLIM,http://www.youtube.com/user/woolliment,Music,Kpop,others,Worldwide,Q1
,台灣華納(日韓), http://www.youtube.com/user/WMTJKPOP,Music,Kpop,others,Worldwide,Q1
,YG CONCERT,http://www.youtube.com/user/ygconcert,Music,Kpop,others,Worldwide,Q1
,Brown Eyed girl ,http://www.youtube.com/user/officialBEG,Music,Kpop,others,Worldwide,Q1
,WOOLLIM ENT. Official Youtube Channel,http://www.youtube.com/user/woolliment,Music,Kpop,others,Worldwide,Q1
,NELL Official Youtube Channel,http://www.youtube.com/user/nellhome,Music,Kpop,others,Worldwide,Q1
,SMTown,http://www.youtube.com/user/SMTOWN,Music,Kpop,others,Worldwide,Q1
,BigBang,http://www.youtube.com/user/BIGBANG,Music,Kpop,others,Worldwide,Q1
,少女時代, http://www.youtube.com/channel/HCTUQFgTCgj1s,Music,Kpop,others,Worldwide,Q1
,GDragon , http://www.youtube.com/user/OfficialGDRAGON,Music,Kpop,others,Worldwide,Q1
,SE7EN,http://www.youtube.com/user/OfficialSe7en,Music,Kpop,others,Worldwide,Q1
,2NE1,http://www.youtube.com/user/2NE1,Music,Kpop,others,Worldwide,Q1
,YG Family,http://www.youtube.com/user/YGEntertainment,Music,Kpop,others,Worldwide,Q1
,YAEYANG, http://www.youtube.com/user/YGTAEYANG,Music,Kpop,others,Worldwide,Q1
,PSY, http://www.youtube.com/user/officialpsy,Music,Kpop,others,Worldwide,Q1
,TABLO,http://www.youtube.com/user/ygtablo,Music,Kpop,others,Worldwide,Q1
,EPIK HIGH,http://www.youtube.com/user/OfficialEpikHigh,Music,Kpop,others,Worldwide,Q1
,LEE HI,　http://www.youtube.com/user/OfficialLEEHI,Music,Kpop,others,Worldwide,Q1
,2PM ,http://www.youtube.com/watch?v=C4ro3gBhq78&list=PLID4CZACkMJTwL2BhD1GUqx44RGTjxcgh&index=1],Music,Kpop,others,Worldwide,Q1
,Beast ,http://www.youtube.com/user/beastofficial,Music,Kpop,others,Worldwide,Q1
,9 Muses,http://www.youtube.com/watch?v=cz0uQvqHDco&list=PLID4CZACkMJR7uzGwHr08HD63MdHFwcXi&index=1,Music,Kpop,others,Worldwide,Q1
,NU’EST,http://www.youtube.com/user/pledisnuest,Music,Kpop,others,Worldwide,Q1
,Avex, http://www.youtube.com/user/avexnetwork,Music,jpop,others,Worldwide,Q1
,Universal Japan ,http://www.youtube.com/user/universalmusicjapan?feature=watch,Music,jpop,others,Worldwide,Q1
,BENICOVERS,http://www.youtube.com/user/BENICOVERS ,Music,jpop,others,Worldwide,Q1
,EMI,http://www.youtube.com/user/EMIMusicJapan,Music,jpop,others,Worldwide,Q1
,TOY'S FACTORY,http://www.youtube.com/user/TOYSFACTORYJP,Music,jpop,others,Worldwide,Q1
,A-Sketch Official Channel,http://www.youtube.com/user/asketch,Music,jpop,others,Worldwide,Q1
,Victor Music Channel, http://www.youtube.com/user/VictorMusicChannel,Music,jpop,others,Worldwide,Q1
,Spitz OFFICIAL CHANNEL,http://www.youtube.com/user/spitzclips,Music,jpop,others,Worldwide,Q1
,LastrumMusic,http://www.youtube.com/user/LastrumMusic,Music,jpop,others,Worldwide,Q1
,CrownRecord,http://www.youtube.com/user/crownrecord,Music,jpop,others,Worldwide,Q1
,Officeaugusta,http://www.youtube.com/user/OfficeAugusta,Music,jpop,others,Worldwide,Q1
,One OK Rock,http://www.youtube.com/user/ONEOKROCKchannel,Music,jpop,others,Worldwide,Q1
,10- Feet,http://www.youtube.com/user/universalmusicjapan?feature=watch,Music,jpop,others,Worldwide,Q1
,RADWIMPS,http://www.youtube.com/user/radwimpsstaff,Music,jpop,others,Worldwide,Q1
,Tiara,http://www.youtube.com/user/TiaraOfficialChannel,Music,jpop,others,Worldwide,Q1
,BENICOVERS ,http://www.youtube.com/user/BENICOVERS,Music,jpop,others,Worldwide,Q1
,宇多田Utada Hikaru Official,http://www.youtube.com/user/hikki,Music,jpop,others,Worldwide,Q1
,Ayumi ,http://www.youtube.com/user/ayu,Music,jpop,others,Worldwide,Q1
,Amuro Namie Channel, http://www.youtube.com/user/AmuroNamiech,Music,jpop,others,Worldwide,Q1
,Yoshimi,http://www.youtube.com/user/yoshimi1978ana2,Music,jpop,others,Worldwide,Q1
,ABC,http://www.youtube.com/user/AcidBlackChannel,Music,jpop,others,Worldwide,Q1
,House 13, http://www.youtube.com/user/House13inc?feature=watch,Music,Live; Band; Musicians,EN,Worldwide,Q2
,Piano Keys,http://www.youtube.com/user/pianokeyssession?feature=watch,Music,Live; Band; Musicians,EN,Worldwide,Q2
,Coqkee ,http://www.youtube.com/channel/UCKmwEyEDcwZ-_FL61rVC2ZA?feature=watch,Music,Live; Band; Musicians,EN,Worldwide,Q2
,MusicNeverSleep, http://www.youtube.com/JasonChen,Music,Live; Band; Musicians,EN,Worldwide,Q2
,Greengrass Music,http://www.youtube.com/user/Greengrassmusic?feature=watch,Music,Live; Band; Musicians,EN,Worldwide,Q2
,Tyler Ward Music ,http://www.youtube.com/tylerward,Music,Live; Band; Musicians,EN,Worldwide,Q2
,Christina Grimmie,http://www.youtube.com/christinagrimmie,Music,Live; Band; Musicians,EN,Worldwide,Q2
,A-Sketch Official Channel,http://www.youtube.com/user/asketch,Music,Live; Band; Musicians,EN,Worldwide,Q2
,Victor Music Channel,http://www.youtube.com/user/VictorMusicChannel,Music,Live; Band; Musicians,EN,Worldwide,Q2
,One OK Rock ,http://www.youtube.com/user/ONEOKROCKchannel,Music,Live; Band; Musicians,EN,Worldwide,Q2
,10- Feet ,http://www.youtube.com/user/universalmusicjapan?feature=watch,Music,Live; Band; Musicians,EN,Worldwide,Q2
,Yoshimi,http://www.youtube.com/user/yoshimi1978ana2,Music,Live; Band; Musicians,EN,Worldwide,Q2
,Megan Nicole,http://www.youtube.com/user/megannicolesite?feature=watch,Music,music,EN,Worldwide,Q1
